median_income,NAME,state,county,tract,GEOID
98668,Census Tract 1000.01; Harris County; Texas,48,201,100001,48201100001
44821,Census Tract 2104; Harris County; Texas,48,201,210400,48201210400
48837,Census Tract 2105; Harris County; Texas,48,201,210500,48201210500
82321,Census Tract 2106; Harris County; Texas,48,201,210600,48201210600
51966,Census Tract 2107; Harris County; Texas,48,201,210700,48201210700
39153,Census Tract 2108; Harris County; Texas,48,201,210800,48201210800
47117,Census Tract 2109; Harris County; Texas,48,201,210900,48201210900
31667,Census Tract 2110; Harris County; Texas,48,201,211000,48201211000
39120,Census Tract 2111.01; Harris County; Texas,48,201,211101,48201211101
27844,Census Tract 2111.02; Harris County; Texas,48,201,211102,48201211102
22982,Census Tract 2112; Harris County; Texas,48,201,211200,48201211200
40991,Census Tract 2113.01; Harris County; Texas,48,201,211301,48201211301
39871,Census Tract 2113.02; Harris County; Texas,48,201,211302,48201211302
74318,Census Tract 2114; Harris County; Texas,48,201,211400,48201211400
51979,Census Tract 2115.01; Harris County; Texas,48,201,211501,48201211501
54900,Census Tract 2115.02; Harris County; Texas,48,201,211502,48201211502
47143,Census Tract 2116; Harris County; Texas,48,201,211600,48201211600
32240,Census Tract 2117; Harris County; Texas,48,201,211700,48201211700
49050,Census Tract 2119; Harris County; Texas,48,201,211900,48201211900
62813,Census Tract 2123; Harris County; Texas,48,201,212300,48201212300
40516,Census Tract 2124; Harris County; Texas,48,201,212400,48201212400
54966,Census Tract 2125; Harris County; Texas,48,201,212500,48201212500
43583,Census Tract 2201; Harris County; Texas,48,201,220100,48201220100
45833,Census Tract 2202; Harris County; Texas,48,201,220200,48201220200
53792,Census Tract 2203; Harris County; Texas,48,201,220300,48201220300
50086,Census Tract 2204; Harris County; Texas,48,201,220400,48201220400
19877,Census Tract 2205; Harris County; Texas,48,201,220500,48201220500
36905,Census Tract 2206; Harris County; Texas,48,201,220600,48201220600
43889,Census Tract 2207.01; Harris County; Texas,48,201,220701,48201220701
31083,Census Tract 2207.02; Harris County; Texas,48,201,220702,48201220702
34512,Census Tract 2208; Harris County; Texas,48,201,220800,48201220800
22412,Census Tract 2209; Harris County; Texas,48,201,220900,48201220900
41985,Census Tract 2210; Harris County; Texas,48,201,221000,48201221000
56993,Census Tract 2211; Harris County; Texas,48,201,221100,48201221100
46832,Census Tract 2212; Harris County; Texas,48,201,221200,48201221200
66289,Census Tract 2213.01; Harris County; Texas,48,201,221301,48201221301
51221,Census Tract 2213.02; Harris County; Texas,48,201,221302,48201221302
33441,Census Tract 2214; Harris County; Texas,48,201,221400,48201221400
54070,Census Tract 2215.01; Harris County; Texas,48,201,221501,48201221501
32625,Census Tract 2215.02; Harris County; Texas,48,201,221502,48201221502
60380,Census Tract 2216.01; Harris County; Texas,48,201,221601,48201221601
63893,Census Tract 2216.02; Harris County; Texas,48,201,221602,48201221602
42078,Census Tract 2217.01; Harris County; Texas,48,201,221701,48201221701
36054,Census Tract 2217.02; Harris County; Texas,48,201,221702,48201221702
50945,Census Tract 2218; Harris County; Texas,48,201,221800,48201221800
59122,Census Tract 2219; Harris County; Texas,48,201,221900,48201221900
38281,Census Tract 2220; Harris County; Texas,48,201,222000,48201222000
41759,Census Tract 2221; Harris County; Texas,48,201,222100,48201222100
58024,Census Tract 2222; Harris County; Texas,48,201,222200,48201222200
38770,Census Tract 2223; Harris County; Texas,48,201,222300,48201222300
41125,Census Tract 2224.01; Harris County; Texas,48,201,222401,48201222401
41671,Census Tract 2224.02; Harris County; Texas,48,201,222402,48201222402
38333,Census Tract 2225.01; Harris County; Texas,48,201,222501,48201222501
52987,Census Tract 2225.02; Harris County; Texas,48,201,222502,48201222502
38977,Census Tract 2225.04; Harris County; Texas,48,201,222504,48201222504
70060,Census Tract 2225.05; Harris County; Texas,48,201,222505,48201222505
33689,Census Tract 2226.01; Harris County; Texas,48,201,222601,48201222601
29722,Census Tract 2226.02; Harris County; Texas,48,201,222602,48201222602
11592,Census Tract 2227.01; Harris County; Texas,48,201,222701,48201222701
26653,Census Tract 2227.02; Harris County; Texas,48,201,222702,48201222702
39241,Census Tract 2228; Harris County; Texas,48,201,222800,48201222800
53672,Census Tract 2229; Harris County; Texas,48,201,222900,48201222900
47768,Census Tract 2230.01; Harris County; Texas,48,201,223001,48201223001
40150,Census Tract 2230.02; Harris County; Texas,48,201,223002,48201223002
64655,Census Tract 2231; Harris County; Texas,48,201,223100,48201223100
50357,Census Tract 2301; Harris County; Texas,48,201,230100,48201230100
36609,Census Tract 2302; Harris County; Texas,48,201,230200,48201230200
43519,Census Tract 2303; Harris County; Texas,48,201,230300,48201230300
59688,Census Tract 2304; Harris County; Texas,48,201,230400,48201230400
37386,Census Tract 2305; Harris County; Texas,48,201,230500,48201230500
34145,Census Tract 2306; Harris County; Texas,48,201,230600,48201230600
36445,Census Tract 2307; Harris County; Texas,48,201,230700,48201230700
45260,Census Tract 2308; Harris County; Texas,48,201,230800,48201230800
30088,Census Tract 2309; Harris County; Texas,48,201,230900,48201230900
45050,Census Tract 2310; Harris County; Texas,48,201,231000,48201231000
31875,Census Tract 2311; Harris County; Texas,48,201,231100,48201231100
35199,Census Tract 2312; Harris County; Texas,48,201,231200,48201231200
48560,Census Tract 2313; Harris County; Texas,48,201,231300,48201231300
45479,Census Tract 2314; Harris County; Texas,48,201,231400,48201231400
50319,Census Tract 2315; Harris County; Texas,48,201,231500,48201231500
41760,Census Tract 2316; Harris County; Texas,48,201,231600,48201231600
41731,Census Tract 2317; Harris County; Texas,48,201,231700,48201231700
57198,Census Tract 2318; Harris County; Texas,48,201,231800,48201231800
41331,Census Tract 2319; Harris County; Texas,48,201,231900,48201231900
39693,Census Tract 2320; Harris County; Texas,48,201,232000,48201232000
42374,Census Tract 2321; Harris County; Texas,48,201,232100,48201232100
57449,Census Tract 2322.01; Harris County; Texas,48,201,232201,48201232201
185611,Census Tract 2322.02; Harris County; Texas,48,201,232202,48201232202
70180,Census Tract 2322.03; Harris County; Texas,48,201,232203,48201232203
54908,Census Tract 2323.03; Harris County; Texas,48,201,232303,48201232303
45694,Census Tract 2323.04; Harris County; Texas,48,201,232304,48201232304
89591,Census Tract 2323.05; Harris County; Texas,48,201,232305,48201232305
103191,Census Tract 2323.06; Harris County; Texas,48,201,232306,48201232306
58537,Census Tract 2324.02; Harris County; Texas,48,201,232402,48201232402
54886,Census Tract 2324.03; Harris County; Texas,48,201,232403,48201232403
77560,Census Tract 2324.04; Harris County; Texas,48,201,232404,48201232404
79344,Census Tract 2324.05; Harris County; Texas,48,201,232405,48201232405
41813,Census Tract 2325; Harris County; Texas,48,201,232500,48201232500
68254,Census Tract 2326; Harris County; Texas,48,201,232600,48201232600
38835,Census Tract 2327.01; Harris County; Texas,48,201,232701,48201232701
53458,Census Tract 2327.03; Harris County; Texas,48,201,232703,48201232703
51842,Census Tract 2327.04; Harris County; Texas,48,201,232704,48201232704
69492,Census Tract 2328.01; Harris County; Texas,48,201,232801,48201232801
54519,Census Tract 2328.02; Harris County; Texas,48,201,232802,48201232802
58355,Census Tract 2329.01; Harris County; Texas,48,201,232901,48201232901
61457,Census Tract 2329.02; Harris County; Texas,48,201,232902,48201232902
43542,Census Tract 2330.01; Harris County; Texas,48,201,233001,48201233001
79444,Census Tract 2330.02; Harris County; Texas,48,201,233002,48201233002
65256,Census Tract 2330.03; Harris County; Texas,48,201,233003,48201233003
47654,Census Tract 2331.01; Harris County; Texas,48,201,233101,48201233101
49380,Census Tract 2331.03; Harris County; Texas,48,201,233103,48201233103
45284,Census Tract 2331.04; Harris County; Texas,48,201,233104,48201233104
48750,Census Tract 2331.05; Harris County; Texas,48,201,233105,48201233105
61491,Census Tract 2332; Harris County; Texas,48,201,233200,48201233200
62973,Census Tract 2333; Harris County; Texas,48,201,233300,48201233300
42601,Census Tract 2334; Harris County; Texas,48,201,233400,48201233400
62720,Census Tract 2335.01; Harris County; Texas,48,201,233501,48201233501
71006,Census Tract 2335.02; Harris County; Texas,48,201,233502,48201233502
36218,Census Tract 2336; Harris County; Texas,48,201,233600,48201233600
55975,Census Tract 2337.01; Harris County; Texas,48,201,233701,48201233701
42750,Census Tract 2337.02; Harris County; Texas,48,201,233702,48201233702
54375,Census Tract 2337.03; Harris County; Texas,48,201,233703,48201233703
37238,Census Tract 2401.01; Harris County; Texas,48,201,240101,48201240101
33025,Census Tract 2401.02; Harris County; Texas,48,201,240102,48201240102
59000,Census Tract 2404; Harris County; Texas,48,201,240400,48201240400
40651,Census Tract 2405.03; Harris County; Texas,48,201,240503,48201240503
26818,Census Tract 2405.04; Harris County; Texas,48,201,240504,48201240504
21824,Census Tract 2405.05; Harris County; Texas,48,201,240505,48201240505
41536,Census Tract 2405.06; Harris County; Texas,48,201,240506,48201240506
31816,Census Tract 2406; Harris County; Texas,48,201,240600,48201240600
65445,Census Tract 2407.03; Harris County; Texas,48,201,240703,48201240703
106667,Census Tract 2407.04; Harris County; Texas,48,201,240704,48201240704
96084,Census Tract 2407.05; Harris County; Texas,48,201,240705,48201240705
67205,Census Tract 2407.06; Harris County; Texas,48,201,240706,48201240706
90380,Census Tract 2407.07; Harris County; Texas,48,201,240707,48201240707
70891,Census Tract 2408.02; Harris County; Texas,48,201,240802,48201240802
48844,Census Tract 2408.03; Harris County; Texas,48,201,240803,48201240803
47566,Census Tract 2408.04; Harris County; Texas,48,201,240804,48201240804
86797,Census Tract 2409.03; Harris County; Texas,48,201,240903,48201240903
77576,Census Tract 2409.04; Harris County; Texas,48,201,240904,48201240904
85000,Census Tract 2409.05; Harris County; Texas,48,201,240905,48201240905
94133,Census Tract 2409.06; Harris County; Texas,48,201,240906,48201240906
73566,Census Tract 2410.01; Harris County; Texas,48,201,241001,48201241001
78694,Census Tract 2410.02; Harris County; Texas,48,201,241002,48201241002
79728,Census Tract 2411.01; Harris County; Texas,48,201,241101,48201241101
88482,Census Tract 2411.03; Harris County; Texas,48,201,241103,48201241103
92278,Census Tract 2411.04; Harris County; Texas,48,201,241104,48201241104
80313,Census Tract 2411.05; Harris County; Texas,48,201,241105,48201241105
72983,Census Tract 2412.01; Harris County; Texas,48,201,241201,48201241201
75765,Census Tract 2412.02; Harris County; Texas,48,201,241202,48201241202
120833,Census Tract 2413.01; Harris County; Texas,48,201,241301,48201241301
107137,Census Tract 2413.02; Harris County; Texas,48,201,241302,48201241302
93777,Census Tract 2414; Harris County; Texas,48,201,241400,48201241400
41771,Census Tract 2415.01; Harris County; Texas,48,201,241501,48201241501
29821,Census Tract 2415.02; Harris County; Texas,48,201,241502,48201241502
51076,Census Tract 2415.03; Harris County; Texas,48,201,241503,48201241503
66559,Census Tract 2501.01; Harris County; Texas,48,201,250101,48201250101
87426,Census Tract 2501.02; Harris County; Texas,48,201,250102,48201250102
60470,Census Tract 2502.01; Harris County; Texas,48,201,250201,48201250201
73611,Census Tract 2502.02; Harris County; Texas,48,201,250202,48201250202
130842,Census Tract 2503.03; Harris County; Texas,48,201,250303,48201250303
92729,Census Tract 2503.04; Harris County; Texas,48,201,250304,48201250304
90000,Census Tract 2503.05; Harris County; Texas,48,201,250305,48201250305
76917,Census Tract 2503.06; Harris County; Texas,48,201,250306,48201250306
62193,Census Tract 2504.03; Harris County; Texas,48,201,250403,48201250403
128750,Census Tract 2504.04; Harris County; Texas,48,201,250404,48201250404
115744,Census Tract 2504.05; Harris County; Texas,48,201,250405,48201250405
123076,Census Tract 2504.06; Harris County; Texas,48,201,250406,48201250406
181851,Census Tract 2504.07; Harris County; Texas,48,201,250407,48201250407
107831,Census Tract 2504.08; Harris County; Texas,48,201,250408,48201250408
78529,Census Tract 2505; Harris County; Texas,48,201,250500,48201250500
46524,Census Tract 2506.01; Harris County; Texas,48,201,250601,48201250601
42738,Census Tract 2506.02; Harris County; Texas,48,201,250602,48201250602
112664,Census Tract 2507.01; Harris County; Texas,48,201,250701,48201250701
113186,Census Tract 2507.02; Harris County; Texas,48,201,250702,48201250702
111397,Census Tract 2508.01; Harris County; Texas,48,201,250801,48201250801
131705,Census Tract 2508.02; Harris County; Texas,48,201,250802,48201250802
97010,Census Tract 2509.01; Harris County; Texas,48,201,250901,48201250901
203333,Census Tract 2509.02; Harris County; Texas,48,201,250902,48201250902
90594,Census Tract 2510; Harris County; Texas,48,201,251000,48201251000
100208,Census Tract 2511; Harris County; Texas,48,201,251100,48201251100
81017,Census Tract 2512; Harris County; Texas,48,201,251200,48201251200
131667,Census Tract 2513; Harris County; Texas,48,201,251300,48201251300
123673,Census Tract 2514.01; Harris County; Texas,48,201,251401,48201251401
58902,Census Tract 2514.02; Harris County; Texas,48,201,251402,48201251402
169831,Census Tract 2515.01; Harris County; Texas,48,201,251501,48201251501
137031,Census Tract 2515.03; Harris County; Texas,48,201,251503,48201251503
160326,Census Tract 2515.04; Harris County; Texas,48,201,251504,48201251504
152857,Census Tract 2515.05; Harris County; Texas,48,201,251505,48201251505
90539,Census Tract 2516; Harris County; Texas,48,201,251600,48201251600
63413,Census Tract 2517.01; Harris County; Texas,48,201,251701,48201251701
75219,Census Tract 2517.02; Harris County; Texas,48,201,251702,48201251702
76563,Census Tract 2518; Harris County; Texas,48,201,251800,48201251800
106906,Census Tract 2519.02; Harris County; Texas,48,201,251902,48201251902
103611,Census Tract 2519.03; Harris County; Texas,48,201,251903,48201251903
107078,Census Tract 2519.04; Harris County; Texas,48,201,251904,48201251904
96832,Census Tract 2520.01; Harris County; Texas,48,201,252001,48201252001
117734,Census Tract 2520.02; Harris County; Texas,48,201,252002,48201252002
164646,Census Tract 2520.03; Harris County; Texas,48,201,252003,48201252003
67303,Census Tract 2521; Harris County; Texas,48,201,252100,48201252100
71328,Census Tract 2522.01; Harris County; Texas,48,201,252201,48201252201
74068,Census Tract 2522.02; Harris County; Texas,48,201,252202,48201252202
89946,Census Tract 2523.03; Harris County; Texas,48,201,252303,48201252303
65582,Census Tract 2523.04; Harris County; Texas,48,201,252304,48201252304
107054,Census Tract 2523.05; Harris County; Texas,48,201,252305,48201252305
67518,Census Tract 2523.06; Harris County; Texas,48,201,252306,48201252306
62831,Census Tract 2524; Harris County; Texas,48,201,252400,48201252400
54158,Census Tract 2525; Harris County; Texas,48,201,252500,48201252500
41048,Census Tract 2526.01; Harris County; Texas,48,201,252601,48201252601
43734,Census Tract 2526.02; Harris County; Texas,48,201,252602,48201252602
70625,Census Tract 2527; Harris County; Texas,48,201,252700,48201252700
62273,Census Tract 2528; Harris County; Texas,48,201,252800,48201252800
46875,Census Tract 2529.01; Harris County; Texas,48,201,252901,48201252901
71474,Census Tract 2529.02; Harris County; Texas,48,201,252902,48201252902
53970,Census Tract 2530; Harris County; Texas,48,201,253000,48201253000
90766,Census Tract 2531.01; Harris County; Texas,48,201,253101,48201253101
97754,Census Tract 2531.02; Harris County; Texas,48,201,253102,48201253102
129611,Census Tract 2532.01; Harris County; Texas,48,201,253201,48201253201
70826,Census Tract 2532.02; Harris County; Texas,48,201,253202,48201253202
96205,Census Tract 2533; Harris County; Texas,48,201,253300,48201253300
66080,Census Tract 2535.01; Harris County; Texas,48,201,253501,48201253501
66489,Census Tract 2535.02; Harris County; Texas,48,201,253502,48201253502
91433,Census Tract 2536.01; Harris County; Texas,48,201,253601,48201253601
41701,Census Tract 2536.02; Harris County; Texas,48,201,253602,48201253602
64875,Census Tract 2537; Harris County; Texas,48,201,253700,48201253700
48804,Census Tract 2538; Harris County; Texas,48,201,253800,48201253800
64621,Census Tract 2539; Harris County; Texas,48,201,253900,48201253900
52636,Census Tract 2540; Harris County; Texas,48,201,254000,48201254000
59539,Census Tract 2541; Harris County; Texas,48,201,254100,48201254100
54375,Census Tract 2542; Harris County; Texas,48,201,254200,48201254200
51477,Census Tract 2543; Harris County; Texas,48,201,254300,48201254300
47704,Census Tract 2544; Harris County; Texas,48,201,254400,48201254400
59743,Census Tract 2546; Harris County; Texas,48,201,254600,48201254600
61250,Census Tract 2547; Harris County; Texas,48,201,254700,48201254700
44167,Census Tract 2548; Harris County; Texas,48,201,254800,48201254800
93898,Census Tract 3101.01; Harris County; Texas,48,201,310101,48201310101
86250,Census Tract 3101.02; Harris County; Texas,48,201,310102,48201310102
132488,Census Tract 3102; Harris County; Texas,48,201,310200,48201310200
37468,Census Tract 3103; Harris County; Texas,48,201,310300,48201310300
54230,Census Tract 3104; Harris County; Texas,48,201,310400,48201310400
40360,Census Tract 3105; Harris County; Texas,48,201,310500,48201310500
48750,Census Tract 3106; Harris County; Texas,48,201,310600,48201310600
57935,Census Tract 3107; Harris County; Texas,48,201,310700,48201310700
52654,Census Tract 3108; Harris County; Texas,48,201,310800,48201310800
44330,Census Tract 3109; Harris County; Texas,48,201,310900,48201310900
59896,Census Tract 3110.01; Harris County; Texas,48,201,311001,48201311001
65046,Census Tract 3110.02; Harris County; Texas,48,201,311002,48201311002
44006,Census Tract 3111; Harris County; Texas,48,201,311100,48201311100
64258,Census Tract 3112; Harris County; Texas,48,201,311200,48201311200
65702,Census Tract 3113; Harris County; Texas,48,201,311300,48201311300
42417,Census Tract 3114; Harris County; Texas,48,201,311400,48201311400
59875,Census Tract 3115.01; Harris County; Texas,48,201,311501,48201311501
50667,Census Tract 3115.02; Harris County; Texas,48,201,311502,48201311502
43958,Census Tract 3116; Harris County; Texas,48,201,311600,48201311600
63183,Census Tract 3117.01; Harris County; Texas,48,201,311701,48201311701
29265,Census Tract 3117.02; Harris County; Texas,48,201,311702,48201311702
45316,Census Tract 3118; Harris County; Texas,48,201,311800,48201311800
54375,Census Tract 3119; Harris County; Texas,48,201,311900,48201311900
62235,Census Tract 3120; Harris County; Texas,48,201,312000,48201312000
-666666666,Census Tract 3122; Harris County; Texas,48,201,312200,48201312200
77194,Census Tract 3123; Harris County; Texas,48,201,312300,48201312300
-666666666,Census Tract 3124; Harris County; Texas,48,201,312400,48201312400
158958,Census Tract 3125.01; Harris County; Texas,48,201,312501,48201312501
98147,Census Tract 3125.02; Harris County; Texas,48,201,312502,48201312502
82060,Census Tract 3126.01; Harris County; Texas,48,201,312601,48201312601
160592,Census Tract 3126.02; Harris County; Texas,48,201,312602,48201312602
75635,Census Tract 3126.03; Harris County; Texas,48,201,312603,48201312603
90000,Census Tract 3127; Harris County; Texas,48,201,312700,48201312700
14000,Census Tract 3128; Harris County; Texas,48,201,312800,48201312800
25764,Census Tract 3129.01; Harris County; Texas,48,201,312901,48201312901
36830,Census Tract 3129.02; Harris County; Texas,48,201,312902,48201312902
62927,Census Tract 3130; Harris County; Texas,48,201,313000,48201313000
99375,Census Tract 3131.01; Harris County; Texas,48,201,313101,48201313101
74635,Census Tract 3131.02; Harris County; Texas,48,201,313102,48201313102
70526,Census Tract 3132.01; Harris County; Texas,48,201,313201,48201313201
83250,Census Tract 3132.02; Harris County; Texas,48,201,313202,48201313202
33350,Census Tract 3133; Harris County; Texas,48,201,313300,48201313300
39382,Census Tract 3134; Harris County; Texas,48,201,313400,48201313400
28625,Census Tract 3135; Harris County; Texas,48,201,313500,48201313500
28961,Census Tract 3136; Harris County; Texas,48,201,313600,48201313600
47964,Census Tract 3137; Harris County; Texas,48,201,313700,48201313700
19821,Census Tract 3138.01; Harris County; Texas,48,201,313801,48201313801
45461,Census Tract 3138.02; Harris County; Texas,48,201,313802,48201313802
63950,Census Tract 3139.01; Harris County; Texas,48,201,313901,48201313901
62550,Census Tract 3139.02; Harris County; Texas,48,201,313902,48201313902
67969,Census Tract 3140.01; Harris County; Texas,48,201,314001,48201314001
53149,Census Tract 3140.03; Harris County; Texas,48,201,314003,48201314003
44737,Census Tract 3140.04; Harris County; Texas,48,201,314004,48201314004
45451,Census Tract 3140.05; Harris County; Texas,48,201,314005,48201314005
50266,Census Tract 3143.01; Harris County; Texas,48,201,314301,48201314301
41815,Census Tract 3143.02; Harris County; Texas,48,201,314302,48201314302
47284,Census Tract 3144.01; Harris County; Texas,48,201,314401,48201314401
77813,Census Tract 3144.02; Harris County; Texas,48,201,314402,48201314402
55893,Census Tract 3201; Harris County; Texas,48,201,320100,48201320100
41863,Census Tract 3202.01; Harris County; Texas,48,201,320201,48201320201
32563,Census Tract 3202.02; Harris County; Texas,48,201,320202,48201320202
68433,Census Tract 3205; Harris County; Texas,48,201,320500,48201320500
47632,Census Tract 3206.01; Harris County; Texas,48,201,320601,48201320601
47667,Census Tract 3206.02; Harris County; Texas,48,201,320602,48201320602
50321,Census Tract 3207; Harris County; Texas,48,201,320700,48201320700
41387,Census Tract 3208; Harris County; Texas,48,201,320800,48201320800
58357,Census Tract 3209.01; Harris County; Texas,48,201,320901,48201320901
91707,Census Tract 3209.02; Harris County; Texas,48,201,320902,48201320902
42107,Census Tract 3210.01; Harris County; Texas,48,201,321001,48201321001
59496,Census Tract 3210.02; Harris County; Texas,48,201,321002,48201321002
76731,Census Tract 3211.01; Harris County; Texas,48,201,321101,48201321101
71534,Census Tract 3211.02; Harris County; Texas,48,201,321102,48201321102
38256,Census Tract 3212; Harris County; Texas,48,201,321200,48201321200
31681,Census Tract 3213.01; Harris County; Texas,48,201,321301,48201321301
66156,Census Tract 3213.02; Harris County; Texas,48,201,321302,48201321302
51946,Census Tract 3214.01; Harris County; Texas,48,201,321401,48201321401
74254,Census Tract 3214.02; Harris County; Texas,48,201,321402,48201321402
41267,Census Tract 3215; Harris County; Texas,48,201,321500,48201321500
80821,Census Tract 3216; Harris County; Texas,48,201,321600,48201321600
73970,Census Tract 3217; Harris County; Texas,48,201,321700,48201321700
72984,Census Tract 3218; Harris County; Texas,48,201,321800,48201321800
63944,Census Tract 3219; Harris County; Texas,48,201,321900,48201321900
46510,Census Tract 3220; Harris County; Texas,48,201,322000,48201322000
55257,Census Tract 3221; Harris County; Texas,48,201,322100,48201322100
55857,Census Tract 3222; Harris County; Texas,48,201,322200,48201322200
71265,Census Tract 3226; Harris County; Texas,48,201,322600,48201322600
68744,Census Tract 3227.01; Harris County; Texas,48,201,322701,48201322701
83750,Census Tract 3227.02; Harris County; Texas,48,201,322702,48201322702
63244,Census Tract 3228; Harris County; Texas,48,201,322800,48201322800
53981,Census Tract 3229; Harris County; Texas,48,201,322900,48201322900
43546,Census Tract 3230; Harris County; Texas,48,201,323000,48201323000
46859,Census Tract 3231; Harris County; Texas,48,201,323100,48201323100
72629,Census Tract 3232; Harris County; Texas,48,201,323200,48201323200
27404,Census Tract 3233; Harris County; Texas,48,201,323300,48201323300
60362,Census Tract 3234; Harris County; Texas,48,201,323400,48201323400
41327,Census Tract 3235; Harris County; Texas,48,201,323500,48201323500
47472,Census Tract 3236.01; Harris County; Texas,48,201,323601,48201323601
81146,Census Tract 3236.02; Harris County; Texas,48,201,323602,48201323602
54020,Census Tract 3237.01; Harris County; Texas,48,201,323701,48201323701
62931,Census Tract 3237.02; Harris County; Texas,48,201,323702,48201323702
82097,Census Tract 3238.01; Harris County; Texas,48,201,323801,48201323801
50250,Census Tract 3238.02; Harris County; Texas,48,201,323802,48201323802
24008,Census Tract 3239; Harris County; Texas,48,201,323900,48201323900
82500,Census Tract 3240; Harris County; Texas,48,201,324000,48201324000
51384,Census Tract 3241.01; Harris County; Texas,48,201,324101,48201324101
-666666666,Census Tract 3241.02; Harris County; Texas,48,201,324102,48201324102
42895,Census Tract 3242; Harris County; Texas,48,201,324200,48201324200
71056,Census Tract 3301.01; Harris County; Texas,48,201,330101,48201330101
41938,Census Tract 3301.02; Harris County; Texas,48,201,330102,48201330102
53903,Census Tract 3302; Harris County; Texas,48,201,330200,48201330200
69421,Census Tract 3303.01; Harris County; Texas,48,201,330301,48201330301
58808,Census Tract 3303.02; Harris County; Texas,48,201,330302,48201330302
57679,Census Tract 3303.03; Harris County; Texas,48,201,330303,48201330303
46906,Census Tract 3304; Harris County; Texas,48,201,330400,48201330400
64954,Census Tract 3305; Harris County; Texas,48,201,330500,48201330500
62102,Census Tract 3306; Harris County; Texas,48,201,330600,48201330600
66130,Census Tract 3307; Harris County; Texas,48,201,330700,48201330700
71756,Census Tract 3308.01; Harris County; Texas,48,201,330801,48201330801
95125,Census Tract 3308.02; Harris County; Texas,48,201,330802,48201330802
75263,Census Tract 3309.01; Harris County; Texas,48,201,330901,48201330901
49613,Census Tract 3309.02; Harris County; Texas,48,201,330902,48201330902
53974,Census Tract 3311; Harris County; Texas,48,201,331100,48201331100
29650,Census Tract 3312; Harris County; Texas,48,201,331200,48201331200
49222,Census Tract 3313; Harris County; Texas,48,201,331300,48201331300
21580,Census Tract 3314; Harris County; Texas,48,201,331400,48201331400
73125,Census Tract 3315.01; Harris County; Texas,48,201,331501,48201331501
54703,Census Tract 3315.02; Harris County; Texas,48,201,331502,48201331502
61250,Census Tract 3316.02; Harris County; Texas,48,201,331602,48201331602
46563,Census Tract 3316.03; Harris County; Texas,48,201,331603,48201331603
36205,Census Tract 3316.04; Harris County; Texas,48,201,331604,48201331604
39167,Census Tract 3317; Harris County; Texas,48,201,331700,48201331700
41375,Census Tract 3318; Harris County; Texas,48,201,331800,48201331800
52926,Census Tract 3319; Harris County; Texas,48,201,331900,48201331900
28750,Census Tract 3320; Harris County; Texas,48,201,332000,48201332000
44077,Census Tract 3321; Harris County; Texas,48,201,332100,48201332100
28274,Census Tract 3322; Harris County; Texas,48,201,332200,48201332200
42847,Census Tract 3323; Harris County; Texas,48,201,332300,48201332300
48137,Census Tract 3324; Harris County; Texas,48,201,332400,48201332400
85595,Census Tract 3325; Harris County; Texas,48,201,332500,48201332500
45724,Census Tract 3326; Harris County; Texas,48,201,332600,48201332600
44868,Census Tract 3327; Harris County; Texas,48,201,332700,48201332700
40847,Census Tract 3328; Harris County; Texas,48,201,332800,48201332800
49125,Census Tract 3329; Harris County; Texas,48,201,332900,48201332900
64013,Census Tract 3330; Harris County; Texas,48,201,333000,48201333000
37688,Census Tract 3331; Harris County; Texas,48,201,333100,48201333100
43493,Census Tract 3332.01; Harris County; Texas,48,201,333201,48201333201
38695,Census Tract 3332.03; Harris County; Texas,48,201,333203,48201333203
29920,Census Tract 3332.04; Harris County; Texas,48,201,333204,48201333204
32950,Census Tract 3332.05; Harris County; Texas,48,201,333205,48201333205
40564,Census Tract 3333.01; Harris County; Texas,48,201,333301,48201333301
53830,Census Tract 3333.02; Harris County; Texas,48,201,333302,48201333302
38661,Census Tract 3335.01; Harris County; Texas,48,201,333501,48201333501
86250,Census Tract 3335.02; Harris County; Texas,48,201,333502,48201333502
81758,Census Tract 3336; Harris County; Texas,48,201,333600,48201333600
67862,Census Tract 3337; Harris County; Texas,48,201,333700,48201333700
50702,Census Tract 3338.01; Harris County; Texas,48,201,333801,48201333801
87636,Census Tract 3338.02; Harris County; Texas,48,201,333802,48201333802
96379,Census Tract 3339.03; Harris County; Texas,48,201,333903,48201333903
73669,Census Tract 3339.04; Harris County; Texas,48,201,333904,48201333904
64645,Census Tract 3339.05; Harris County; Texas,48,201,333905,48201333905
104850,Census Tract 3339.06; Harris County; Texas,48,201,333906,48201333906
44479,Census Tract 3340.01; Harris County; Texas,48,201,334001,48201334001
73857,Census Tract 3340.02; Harris County; Texas,48,201,334002,48201334002
69449,Census Tract 3340.03; Harris County; Texas,48,201,334003,48201334003
68670,Census Tract 3341.01; Harris County; Texas,48,201,334101,48201334101
70990,Census Tract 3341.02; Harris County; Texas,48,201,334102,48201334102
56619,Census Tract 3401.01; Harris County; Texas,48,201,340101,48201340101
85278,Census Tract 3401.02; Harris County; Texas,48,201,340102,48201340102
-666666666,Census Tract 3402.01; Harris County; Texas,48,201,340201,48201340201
167647,Census Tract 3402.02; Harris County; Texas,48,201,340202,48201340202
133547,Census Tract 3402.03; Harris County; Texas,48,201,340203,48201340203
204773,Census Tract 3403.01; Harris County; Texas,48,201,340301,48201340301
144127,Census Tract 3403.02; Harris County; Texas,48,201,340302,48201340302
150144,Census Tract 3404; Harris County; Texas,48,201,340400,48201340400
79375,Census Tract 3405.01; Harris County; Texas,48,201,340501,48201340501
54105,Census Tract 3405.02; Harris County; Texas,48,201,340502,48201340502
111058,Census Tract 3406; Harris County; Texas,48,201,340600,48201340600
72762,Census Tract 3407.01; Harris County; Texas,48,201,340701,48201340701
102868,Census Tract 3407.02; Harris County; Texas,48,201,340702,48201340702
142524,Census Tract 3408; Harris County; Texas,48,201,340800,48201340800
42523,Census Tract 3409; Harris County; Texas,48,201,340900,48201340900
59684,Census Tract 3410.01; Harris County; Texas,48,201,341001,48201341001
91188,Census Tract 3410.02; Harris County; Texas,48,201,341002,48201341002
61769,Census Tract 3411.01; Harris County; Texas,48,201,341101,48201341101
58750,Census Tract 3411.02; Harris County; Texas,48,201,341102,48201341102
64833,Census Tract 3412.01; Harris County; Texas,48,201,341201,48201341201
73692,Census Tract 3412.03; Harris County; Texas,48,201,341203,48201341203
74013,Census Tract 3412.04; Harris County; Texas,48,201,341204,48201341204
74803,Census Tract 3413.02; Harris County; Texas,48,201,341302,48201341302
58424,Census Tract 3413.03; Harris County; Texas,48,201,341303,48201341303
82955,Census Tract 3413.04; Harris County; Texas,48,201,341304,48201341304
143359,Census Tract 3414; Harris County; Texas,48,201,341400,48201341400
93045,Census Tract 3415.01; Harris County; Texas,48,201,341501,48201341501
106548,Census Tract 3415.02; Harris County; Texas,48,201,341502,48201341502
115793,Census Tract 3416; Harris County; Texas,48,201,341600,48201341600
75208,Census Tract 3417; Harris County; Texas,48,201,341700,48201341700
101438,Census Tract 3418; Harris County; Texas,48,201,341800,48201341800
142332,Census Tract 3420.01; Harris County; Texas,48,201,342001,48201342001
98906,Census Tract 3420.02; Harris County; Texas,48,201,342002,48201342002
86905,Census Tract 3421; Harris County; Texas,48,201,342100,48201342100
49786,Census Tract 3422; Harris County; Texas,48,201,342200,48201342200
59891,Census Tract 3423; Harris County; Texas,48,201,342300,48201342300
76488,Census Tract 3424; Harris County; Texas,48,201,342400,48201342400
93443,Census Tract 3425; Harris County; Texas,48,201,342500,48201342500
82689,Census Tract 3427; Harris County; Texas,48,201,342700,48201342700
123994,Census Tract 3428.01; Harris County; Texas,48,201,342801,48201342801
126806,Census Tract 3428.02; Harris County; Texas,48,201,342802,48201342802
97842,Census Tract 3429; Harris County; Texas,48,201,342900,48201342900
54201,Census Tract 3430; Harris County; Texas,48,201,343000,48201343000
99435,Census Tract 3431; Harris County; Texas,48,201,343100,48201343100
137852,Census Tract 3432; Harris County; Texas,48,201,343200,48201343200
94470,Census Tract 3433.01; Harris County; Texas,48,201,343301,48201343301
97945,Census Tract 3433.02; Harris County; Texas,48,201,343302,48201343302
-666666666,Census Tract 3436.01; Harris County; Texas,48,201,343601,48201343601
73611,Census Tract 3436.02; Harris County; Texas,48,201,343602,48201343602
63679,Census Tract 3437; Harris County; Texas,48,201,343700,48201343700
-666666666,Census Tract 3501.01; Harris County; Texas,48,201,350101,48201350101
128750,Census Tract 3501.02; Harris County; Texas,48,201,350102,48201350102
127753,Census Tract 3501.03; Harris County; Texas,48,201,350103,48201350103
94000,Census Tract 3501.04; Harris County; Texas,48,201,350104,48201350104
74619,Census Tract 3502.01; Harris County; Texas,48,201,350201,48201350201
81964,Census Tract 3502.02; Harris County; Texas,48,201,350202,48201350202
110893,Census Tract 3503; Harris County; Texas,48,201,350300,48201350300
85260,Census Tract 3504; Harris County; Texas,48,201,350400,48201350400
79971,Census Tract 3505; Harris County; Texas,48,201,350500,48201350500
90972,Census Tract 3506.01; Harris County; Texas,48,201,350601,48201350601
107473,Census Tract 3506.03; Harris County; Texas,48,201,350603,48201350603
105726,Census Tract 3506.04; Harris County; Texas,48,201,350604,48201350604
102386,Census Tract 3507; Harris County; Texas,48,201,350700,48201350700
68309,Census Tract 3508.01; Harris County; Texas,48,201,350801,48201350801
56845,Census Tract 3508.03; Harris County; Texas,48,201,350803,48201350803
149980,Census Tract 3508.04; Harris County; Texas,48,201,350804,48201350804
75750,Census Tract 4101.01; Harris County; Texas,48,201,410101,48201410101
62276,Census Tract 4101.02; Harris County; Texas,48,201,410102,48201410102
97844,Census Tract 4102.01; Harris County; Texas,48,201,410201,48201410201
133117,Census Tract 4102.02; Harris County; Texas,48,201,410202,48201410202
102889,Census Tract 4103; Harris County; Texas,48,201,410300,48201410300
135917,Census Tract 4104.01; Harris County; Texas,48,201,410401,48201410401
168015,Census Tract 4104.02; Harris County; Texas,48,201,410402,48201410402
130480,Census Tract 4105.01; Harris County; Texas,48,201,410501,48201410501
142597,Census Tract 4105.02; Harris County; Texas,48,201,410502,48201410502
96138,Census Tract 4106.01; Harris County; Texas,48,201,410601,48201410601
95199,Census Tract 4106.02; Harris County; Texas,48,201,410602,48201410602
80227,Census Tract 4107.03; Harris County; Texas,48,201,410703,48201410703
71190,Census Tract 4107.04; Harris County; Texas,48,201,410704,48201410704
-666666666,Census Tract 4107.05; Harris County; Texas,48,201,410705,48201410705
69277,Census Tract 4107.06; Harris County; Texas,48,201,410706,48201410706
95298,Census Tract 4108.01; Harris County; Texas,48,201,410801,48201410801
112143,Census Tract 4108.02; Harris County; Texas,48,201,410802,48201410802
105463,Census Tract 4109; Harris County; Texas,48,201,410900,48201410900
122569,Census Tract 4110.01; Harris County; Texas,48,201,411001,48201411001
97951,Census Tract 4110.02; Harris County; Texas,48,201,411002,48201411002
102895,Census Tract 4110.03; Harris County; Texas,48,201,411003,48201411003
169844,Census Tract 4111; Harris County; Texas,48,201,411100,48201411100
250001,Census Tract 4112; Harris County; Texas,48,201,411200,48201411200
118206,Census Tract 4113.01; Harris County; Texas,48,201,411301,48201411301
90183,Census Tract 4113.02; Harris County; Texas,48,201,411302,48201411302
250001,Census Tract 4114; Harris County; Texas,48,201,411400,48201411400
118942,Census Tract 4115.03; Harris County; Texas,48,201,411503,48201411503
117228,Census Tract 4115.04; Harris County; Texas,48,201,411504,48201411504
99617,Census Tract 4115.05; Harris County; Texas,48,201,411505,48201411505
127710,Census Tract 4115.06; Harris County; Texas,48,201,411506,48201411506
82560,Census Tract 4115.07; Harris County; Texas,48,201,411507,48201411507
124281,Census Tract 4116; Harris County; Texas,48,201,411600,48201411600
87431,Census Tract 4117; Harris County; Texas,48,201,411700,48201411700
119267,Census Tract 4118.01; Harris County; Texas,48,201,411801,48201411801
84500,Census Tract 4118.02; Harris County; Texas,48,201,411802,48201411802
250001,Census Tract 4119.01; Harris County; Texas,48,201,411901,48201411901
113289,Census Tract 4119.02; Harris County; Texas,48,201,411902,48201411902
217955,Census Tract 4120; Harris County; Texas,48,201,412000,48201412000
155855,Census Tract 4122.01; Harris County; Texas,48,201,412201,48201412201
155917,Census Tract 4122.02; Harris County; Texas,48,201,412202,48201412202
250001,Census Tract 4123; Harris County; Texas,48,201,412300,48201412300
250001,Census Tract 4124; Harris County; Texas,48,201,412400,48201412400
193021,Census Tract 4125; Harris County; Texas,48,201,412500,48201412500
250001,Census Tract 4126; Harris County; Texas,48,201,412600,48201412600
157500,Census Tract 4127; Harris County; Texas,48,201,412700,48201412700
250001,Census Tract 4128; Harris County; Texas,48,201,412800,48201412800
87873,Census Tract 4129.01; Harris County; Texas,48,201,412901,48201412901
70991,Census Tract 4129.02; Harris County; Texas,48,201,412902,48201412902
101518,Census Tract 4130; Harris County; Texas,48,201,413000,48201413000
250001,Census Tract 4131; Harris County; Texas,48,201,413100,48201413100
61852,Census Tract 4132.03; Harris County; Texas,48,201,413203,48201413203
68194,Census Tract 4132.04; Harris County; Texas,48,201,413204,48201413204
63046,Census Tract 4132.05; Harris County; Texas,48,201,413205,48201413205
74625,Census Tract 4132.06; Harris County; Texas,48,201,413206,48201413206
75250,Census Tract 4133.01; Harris County; Texas,48,201,413301,48201413301
128056,Census Tract 4133.02; Harris County; Texas,48,201,413302,48201413302
55140,Census Tract 4201; Harris County; Texas,48,201,420100,48201420100
64477,Census Tract 4202; Harris County; Texas,48,201,420200,48201420200
100013,Census Tract 4203; Harris County; Texas,48,201,420300,48201420300
94038,Census Tract 4204; Harris County; Texas,48,201,420400,48201420400
49547,Census Tract 4205; Harris County; Texas,48,201,420500,48201420500
92279,Census Tract 4206; Harris County; Texas,48,201,420600,48201420600
205833,Census Tract 4207; Harris County; Texas,48,201,420700,48201420700
250001,Census Tract 4208; Harris County; Texas,48,201,420800,48201420800
218587,Census Tract 4209; Harris County; Texas,48,201,420900,48201420900
158884,Census Tract 4210; Harris County; Texas,48,201,421000,48201421000
57959,Census Tract 4211.01; Harris County; Texas,48,201,421101,48201421101
39907,Census Tract 4211.03; Harris County; Texas,48,201,421103,48201421103
42959,Census Tract 4211.04; Harris County; Texas,48,201,421104,48201421104
40934,Census Tract 4212.03; Harris County; Texas,48,201,421203,48201421203
41965,Census Tract 4212.04; Harris County; Texas,48,201,421204,48201421204
33906,Census Tract 4212.05; Harris County; Texas,48,201,421205,48201421205
29875,Census Tract 4212.06; Harris County; Texas,48,201,421206,48201421206
40929,Census Tract 4213.01; Harris County; Texas,48,201,421301,48201421301
54679,Census Tract 4213.02; Harris County; Texas,48,201,421302,48201421302
40025,Census Tract 4214.01; Harris County; Texas,48,201,421401,48201421401
34836,Census Tract 4214.02; Harris County; Texas,48,201,421402,48201421402
32215,Census Tract 4214.03; Harris County; Texas,48,201,421403,48201421403
35490,Census Tract 4215.01; Harris County; Texas,48,201,421501,48201421501
47316,Census Tract 4215.02; Harris County; Texas,48,201,421502,48201421502
34648,Census Tract 4216.01; Harris County; Texas,48,201,421601,48201421601
44146,Census Tract 4216.02; Harris County; Texas,48,201,421602,48201421602
79402,Census Tract 4217; Harris County; Texas,48,201,421700,48201421700
41588,Census Tract 4218.01; Harris County; Texas,48,201,421801,48201421801
104583,Census Tract 4218.02; Harris County; Texas,48,201,421802,48201421802
180200,Census Tract 4219; Harris County; Texas,48,201,421900,48201421900
125281,Census Tract 4220; Harris County; Texas,48,201,422000,48201422000
99199,Census Tract 4221; Harris County; Texas,48,201,422100,48201422100
30518,Census Tract 4222; Harris County; Texas,48,201,422200,48201422200
84861,Census Tract 4223.02; Harris County; Texas,48,201,422302,48201422302
25714,Census Tract 4223.03; Harris County; Texas,48,201,422303,48201422303
52882,Census Tract 4223.04; Harris County; Texas,48,201,422304,48201422304
63627,Census Tract 4224.03; Harris County; Texas,48,201,422403,48201422403
48239,Census Tract 4224.04; Harris County; Texas,48,201,422404,48201422404
16366,Census Tract 4224.05; Harris County; Texas,48,201,422405,48201422405
60750,Census Tract 4224.06; Harris County; Texas,48,201,422406,48201422406
50305,Census Tract 4225.01; Harris County; Texas,48,201,422501,48201422501
50633,Census Tract 4225.02; Harris County; Texas,48,201,422502,48201422502
45357,Census Tract 4226.01; Harris County; Texas,48,201,422601,48201422601
68359,Census Tract 4226.02; Harris County; Texas,48,201,422602,48201422602
60909,Census Tract 4227.01; Harris County; Texas,48,201,422701,48201422701
77222,Census Tract 4227.02; Harris County; Texas,48,201,422702,48201422702
52615,Census Tract 4228; Harris County; Texas,48,201,422800,48201422800
44722,Census Tract 4229; Harris County; Texas,48,201,422900,48201422900
37079,Census Tract 4230.01; Harris County; Texas,48,201,423001,48201423001
32520,Census Tract 4230.02; Harris County; Texas,48,201,423002,48201423002
34753,Census Tract 4231; Harris County; Texas,48,201,423100,48201423100
72107,Census Tract 4232.01; Harris County; Texas,48,201,423201,48201423201
56719,Census Tract 4232.03; Harris County; Texas,48,201,423203,48201423203
28960,Census Tract 4232.04; Harris County; Texas,48,201,423204,48201423204
61979,Census Tract 4233.01; Harris County; Texas,48,201,423301,48201423301
49329,Census Tract 4233.03; Harris County; Texas,48,201,423303,48201423303
52958,Census Tract 4233.04; Harris County; Texas,48,201,423304,48201423304
72581,Census Tract 4234.01; Harris County; Texas,48,201,423401,48201423401
60246,Census Tract 4234.02; Harris County; Texas,48,201,423402,48201423402
95156,Census Tract 4235; Harris County; Texas,48,201,423500,48201423500
61413,Census Tract 4236; Harris County; Texas,48,201,423600,48201423600
70469,Census Tract 4301.01; Harris County; Texas,48,201,430101,48201430101
131125,Census Tract 4301.02; Harris County; Texas,48,201,430102,48201430102
78250,Census Tract 4302; Harris County; Texas,48,201,430200,48201430200
250001,Census Tract 4303; Harris County; Texas,48,201,430300,48201430300
250001,Census Tract 4304; Harris County; Texas,48,201,430400,48201430400
184609,Census Tract 4305; Harris County; Texas,48,201,430500,48201430500
250001,Census Tract 4306; Harris County; Texas,48,201,430600,48201430600
87697,Census Tract 4307; Harris County; Texas,48,201,430700,48201430700
159196,Census Tract 4308; Harris County; Texas,48,201,430800,48201430800
84699,Census Tract 4309; Harris County; Texas,48,201,430900,48201430900
126333,Census Tract 4310.01; Harris County; Texas,48,201,431001,48201431001
103021,Census Tract 4310.02; Harris County; Texas,48,201,431002,48201431002
60174,Census Tract 4311.01; Harris County; Texas,48,201,431101,48201431101
60174,Census Tract 4311.02; Harris County; Texas,48,201,431102,48201431102
48357,Census Tract 4312.03; Harris County; Texas,48,201,431203,48201431203
77373,Census Tract 4312.04; Harris County; Texas,48,201,431204,48201431204
43694,Census Tract 4312.05; Harris County; Texas,48,201,431205,48201431205
69989,Census Tract 4312.06; Harris County; Texas,48,201,431206,48201431206
124694,Census Tract 4313.02; Harris County; Texas,48,201,431302,48201431302
50571,Census Tract 4313.03; Harris County; Texas,48,201,431303,48201431303
57190,Census Tract 4313.04; Harris County; Texas,48,201,431304,48201431304
81404,Census Tract 4314.01; Harris County; Texas,48,201,431401,48201431401
98105,Census Tract 4314.03; Harris County; Texas,48,201,431403,48201431403
71473,Census Tract 4314.04; Harris County; Texas,48,201,431404,48201431404
109912,Census Tract 4315.03; Harris County; Texas,48,201,431503,48201431503
140878,Census Tract 4315.04; Harris County; Texas,48,201,431504,48201431504
113627,Census Tract 4315.05; Harris County; Texas,48,201,431505,48201431505
88125,Census Tract 4315.06; Harris County; Texas,48,201,431506,48201431506
120714,Census Tract 4316; Harris County; Texas,48,201,431600,48201431600
106190,Census Tract 4317.01; Harris County; Texas,48,201,431701,48201431701
171793,Census Tract 4317.02; Harris County; Texas,48,201,431702,48201431702
81667,Census Tract 4318.01; Harris County; Texas,48,201,431801,48201431801
89167,Census Tract 4318.03; Harris County; Texas,48,201,431803,48201431803
133456,Census Tract 4318.04; Harris County; Texas,48,201,431804,48201431804
53125,Census Tract 4319.01; Harris County; Texas,48,201,431901,48201431901
114429,Census Tract 4319.02; Harris County; Texas,48,201,431902,48201431902
56011,Census Tract 4320.03; Harris County; Texas,48,201,432003,48201432003
124092,Census Tract 4320.04; Harris County; Texas,48,201,432004,48201432004
40167,Census Tract 4320.05; Harris County; Texas,48,201,432005,48201432005
29534,Census Tract 4320.06; Harris County; Texas,48,201,432006,48201432006
64946,Census Tract 4321.01; Harris County; Texas,48,201,432101,48201432101
58101,Census Tract 4321.02; Harris County; Texas,48,201,432102,48201432102
49620,Census Tract 4322; Harris County; Texas,48,201,432200,48201432200
45104,Census Tract 4323.01; Harris County; Texas,48,201,432301,48201432301
51750,Census Tract 4323.02; Harris County; Texas,48,201,432302,48201432302
57194,Census Tract 4323.03; Harris County; Texas,48,201,432303,48201432303
41337,Census Tract 4324.01; Harris County; Texas,48,201,432401,48201432401
40625,Census Tract 4324.02; Harris County; Texas,48,201,432402,48201432402
38631,Census Tract 4325.01; Harris County; Texas,48,201,432501,48201432501
39637,Census Tract 4325.02; Harris County; Texas,48,201,432502,48201432502
78266,Census Tract 4326; Harris County; Texas,48,201,432600,48201432600
77074,Census Tract 4327.03; Harris County; Texas,48,201,432703,48201432703
46067,Census Tract 4327.04; Harris County; Texas,48,201,432704,48201432704
35152,Census Tract 4327.05; Harris County; Texas,48,201,432705,48201432705
31531,Census Tract 4327.06; Harris County; Texas,48,201,432706,48201432706
42341,Census Tract 4328.03; Harris County; Texas,48,201,432803,48201432803
60167,Census Tract 4328.04; Harris County; Texas,48,201,432804,48201432804
37874,Census Tract 4328.05; Harris County; Texas,48,201,432805,48201432805
34708,Census Tract 4328.06; Harris County; Texas,48,201,432806,48201432806
42958,Census Tract 4329.01; Harris County; Texas,48,201,432901,48201432901
45729,Census Tract 4329.03; Harris County; Texas,48,201,432903,48201432903
60337,Census Tract 4329.04; Harris County; Texas,48,201,432904,48201432904
45483,Census Tract 4330.03; Harris County; Texas,48,201,433003,48201433003
35472,Census Tract 4330.04; Harris County; Texas,48,201,433004,48201433004
46855,Census Tract 4330.05; Harris County; Texas,48,201,433005,48201433005
38202,Census Tract 4330.06; Harris County; Texas,48,201,433006,48201433006
40120,Census Tract 4330.07; Harris County; Texas,48,201,433007,48201433007
45122,Census Tract 4331; Harris County; Texas,48,201,433100,48201433100
42609,Census Tract 4332.01; Harris County; Texas,48,201,433201,48201433201
56701,Census Tract 4332.02; Harris County; Texas,48,201,433202,48201433202
87917,Census Tract 4333; Harris County; Texas,48,201,433300,48201433300
46483,Census Tract 4334; Harris County; Texas,48,201,433400,48201433400
45335,Census Tract 4335.03; Harris County; Texas,48,201,433503,48201433503
33177,Census Tract 4335.04; Harris County; Texas,48,201,433504,48201433504
32468,Census Tract 4335.05; Harris County; Texas,48,201,433505,48201433505
37888,Census Tract 4335.06; Harris County; Texas,48,201,433506,48201433506
35020,Census Tract 4335.07; Harris County; Texas,48,201,433507,48201433507
44250,Census Tract 4336.01; Harris County; Texas,48,201,433601,48201433601
47318,Census Tract 4336.02; Harris County; Texas,48,201,433602,48201433602
35570,Census Tract 4401.01; Harris County; Texas,48,201,440101,48201440101
69420,Census Tract 4401.02; Harris County; Texas,48,201,440102,48201440102
148922,Census Tract 4501; Harris County; Texas,48,201,450100,48201450100
162115,Census Tract 4502; Harris County; Texas,48,201,450200,48201450200
63125,Census Tract 4503.01; Harris County; Texas,48,201,450301,48201450301
84639,Census Tract 4503.02; Harris County; Texas,48,201,450302,48201450302
61343,Census Tract 4504.01; Harris County; Texas,48,201,450401,48201450401
115074,Census Tract 4504.02; Harris County; Texas,48,201,450402,48201450402
143371,Census Tract 4505; Harris County; Texas,48,201,450500,48201450500
74020,Census Tract 4506; Harris County; Texas,48,201,450600,48201450600
250001,Census Tract 4507; Harris County; Texas,48,201,450700,48201450700
80234,Census Tract 4508.01; Harris County; Texas,48,201,450801,48201450801
79386,Census Tract 4508.03; Harris County; Texas,48,201,450803,48201450803
63644,Census Tract 4508.04; Harris County; Texas,48,201,450804,48201450804
72027,Census Tract 4509; Harris County; Texas,48,201,450900,48201450900
48219,Census Tract 4510.03; Harris County; Texas,48,201,451003,48201451003
65536,Census Tract 4510.04; Harris County; Texas,48,201,451004,48201451004
37009,Census Tract 4510.05; Harris County; Texas,48,201,451005,48201451005
101542,Census Tract 4510.06; Harris County; Texas,48,201,451006,48201451006
80714,Census Tract 4511; Harris County; Texas,48,201,451100,48201451100
161648,Census Tract 4512; Harris County; Texas,48,201,451200,48201451200
75609,Census Tract 4513.01; Harris County; Texas,48,201,451301,48201451301
132791,Census Tract 4513.02; Harris County; Texas,48,201,451302,48201451302
57846,Census Tract 4514.01; Harris County; Texas,48,201,451401,48201451401
52192,Census Tract 4514.04; Harris County; Texas,48,201,451404,48201451404
62990,Census Tract 4514.05; Harris County; Texas,48,201,451405,48201451405
44021,Census Tract 4514.06; Harris County; Texas,48,201,451406,48201451406
38808,Census Tract 4514.07; Harris County; Texas,48,201,451407,48201451407
70229,Census Tract 4515.01; Harris County; Texas,48,201,451501,48201451501
54324,Census Tract 4515.02; Harris County; Texas,48,201,451502,48201451502
109728,Census Tract 4516.03; Harris County; Texas,48,201,451603,48201451603
138571,Census Tract 4516.04; Harris County; Texas,48,201,451604,48201451604
82999,Census Tract 4516.05; Harris County; Texas,48,201,451605,48201451605
101179,Census Tract 4516.06; Harris County; Texas,48,201,451606,48201451606
44661,Census Tract 4517; Harris County; Texas,48,201,451700,48201451700
75759,Census Tract 4518; Harris County; Texas,48,201,451800,48201451800
130469,Census Tract 4519.02; Harris County; Texas,48,201,451902,48201451902
33163,Census Tract 4519.03; Harris County; Texas,48,201,451903,48201451903
53843,Census Tract 4519.04; Harris County; Texas,48,201,451904,48201451904
37188,Census Tract 4520.01; Harris County; Texas,48,201,452001,48201452001
54176,Census Tract 4520.02; Harris County; Texas,48,201,452002,48201452002
65179,Census Tract 4521.01; Harris County; Texas,48,201,452101,48201452101
69167,Census Tract 4521.02; Harris County; Texas,48,201,452102,48201452102
83644,Census Tract 4521.03; Harris County; Texas,48,201,452103,48201452103
63073,Census Tract 4522.02; Harris County; Texas,48,201,452202,48201452202
47336,Census Tract 4522.03; Harris County; Texas,48,201,452203,48201452203
50143,Census Tract 4522.04; Harris County; Texas,48,201,452204,48201452204
72418,Census Tract 4523; Harris County; Texas,48,201,452300,48201452300
45617,Census Tract 4524.01; Harris County; Texas,48,201,452401,48201452401
64816,Census Tract 4524.02; Harris County; Texas,48,201,452402,48201452402
40883,Census Tract 4525.01; Harris County; Texas,48,201,452501,48201452501
37807,Census Tract 4525.02; Harris County; Texas,48,201,452502,48201452502
33120,Census Tract 4526.01; Harris County; Texas,48,201,452601,48201452601
68257,Census Tract 4526.02; Harris County; Texas,48,201,452602,48201452602
70337,Census Tract 4527.01; Harris County; Texas,48,201,452701,48201452701
50755,Census Tract 4527.02; Harris County; Texas,48,201,452702,48201452702
48893,Census Tract 4527.03; Harris County; Texas,48,201,452703,48201452703
54282,Census Tract 4528.01; Harris County; Texas,48,201,452801,48201452801
51723,Census Tract 4528.02; Harris County; Texas,48,201,452802,48201452802
59920,Census Tract 4529; Harris County; Texas,48,201,452900,48201452900
71115,Census Tract 4530.01; Harris County; Texas,48,201,453001,48201453001
59506,Census Tract 4530.02; Harris County; Texas,48,201,453002,48201453002
33322,Census Tract 4531; Harris County; Texas,48,201,453100,48201453100
32667,Census Tract 4532.01; Harris County; Texas,48,201,453201,48201453201
42319,Census Tract 4532.02; Harris County; Texas,48,201,453202,48201453202
37017,Census Tract 4533; Harris County; Texas,48,201,453300,48201453300
72572,Census Tract 4534.01; Harris County; Texas,48,201,453401,48201453401
33427,Census Tract 4534.03; Harris County; Texas,48,201,453403,48201453403
34312,Census Tract 4534.04; Harris County; Texas,48,201,453404,48201453404
46071,Census Tract 4534.05; Harris County; Texas,48,201,453405,48201453405
67928,Census Tract 4535.01; Harris County; Texas,48,201,453501,48201453501
53990,Census Tract 4535.02; Harris County; Texas,48,201,453502,48201453502
31694,Census Tract 4536.01; Harris County; Texas,48,201,453601,48201453601
38989,Census Tract 4536.03; Harris County; Texas,48,201,453603,48201453603
95076,Census Tract 4536.04; Harris County; Texas,48,201,453604,48201453604
59650,Census Tract 4537.01; Harris County; Texas,48,201,453701,48201453701
52858,Census Tract 4537.02; Harris County; Texas,48,201,453702,48201453702
60947,Census Tract 4538; Harris County; Texas,48,201,453800,48201453800
80993,Census Tract 4539.01; Harris County; Texas,48,201,453901,48201453901
48561,Census Tract 4539.02; Harris County; Texas,48,201,453902,48201453902
67054,Census Tract 4540; Harris County; Texas,48,201,454000,48201454000
62295,Census Tract 4541; Harris County; Texas,48,201,454100,48201454100
75139,Census Tract 4542; Harris County; Texas,48,201,454200,48201454200
71463,Census Tract 4543.02; Harris County; Texas,48,201,454302,48201454302
66580,Census Tract 4543.03; Harris County; Texas,48,201,454303,48201454303
63035,Census Tract 4543.04; Harris County; Texas,48,201,454304,48201454304
67071,Census Tract 4543.05; Harris County; Texas,48,201,454305,48201454305
56071,Census Tract 4544; Harris County; Texas,48,201,454400,48201454400
191750,Census Tract 4545.02; Harris County; Texas,48,201,454502,48201454502
127465,Census Tract 4545.03; Harris County; Texas,48,201,454503,48201454503
161875,Census Tract 4545.04; Harris County; Texas,48,201,454504,48201454504
161003,Census Tract 4545.05; Harris County; Texas,48,201,454505,48201454505
45802,Census Tract 4546; Harris County; Texas,48,201,454600,48201454600
136792,Census Tract 4547; Harris County; Texas,48,201,454700,48201454700
70700,Census Tract 4548.01; Harris County; Texas,48,201,454801,48201454801
90875,Census Tract 4548.02; Harris County; Texas,48,201,454802,48201454802
133350,Census Tract 4549.01; Harris County; Texas,48,201,454901,48201454901
101032,Census Tract 4549.02; Harris County; Texas,48,201,454902,48201454902
76250,Census Tract 4550; Harris County; Texas,48,201,455000,48201455000
109375,Census Tract 4551.02; Harris County; Texas,48,201,455102,48201455102
107668,Census Tract 4551.03; Harris County; Texas,48,201,455103,48201455103
72133,Census Tract 4551.04; Harris County; Texas,48,201,455104,48201455104
100607,Census Tract 4552; Harris County; Texas,48,201,455200,48201455200
70573,Census Tract 4553; Harris County; Texas,48,201,455300,48201455300
145909,Census Tract 5101; Harris County; Texas,48,201,510100,48201510100
112727,Census Tract 5102.01; Harris County; Texas,48,201,510201,48201510201
111424,Census Tract 5102.02; Harris County; Texas,48,201,510202,48201510202
127371,Census Tract 5103.01; Harris County; Texas,48,201,510301,48201510301
129962,Census Tract 5103.02; Harris County; Texas,48,201,510302,48201510302
161810,Census Tract 5104; Harris County; Texas,48,201,510400,48201510400
137431,Census Tract 5105; Harris County; Texas,48,201,510500,48201510500
125652,Census Tract 5106.01; Harris County; Texas,48,201,510601,48201510601
169063,Census Tract 5106.02; Harris County; Texas,48,201,510602,48201510602
80780,Census Tract 5107.01; Harris County; Texas,48,201,510701,48201510701
246705,Census Tract 5107.02; Harris County; Texas,48,201,510702,48201510702
128250,Census Tract 5108.01; Harris County; Texas,48,201,510801,48201510801
224205,Census Tract 5108.02; Harris County; Texas,48,201,510802,48201510802
110542,Census Tract 5108.03; Harris County; Texas,48,201,510803,48201510803
218958,Census Tract 5109.01; Harris County; Texas,48,201,510901,48201510901
126250,Census Tract 5109.02; Harris County; Texas,48,201,510902,48201510902
81806,Census Tract 5110.01; Harris County; Texas,48,201,511001,48201511001
76078,Census Tract 5110.03; Harris County; Texas,48,201,511003,48201511003
78295,Census Tract 5110.04; Harris County; Texas,48,201,511004,48201511004
156173,Census Tract 5111; Harris County; Texas,48,201,511100,48201511100
190216,Census Tract 5112.01; Harris County; Texas,48,201,511201,48201511201
163828,Census Tract 5112.02; Harris County; Texas,48,201,511202,48201511202
158375,Census Tract 5113.01; Harris County; Texas,48,201,511301,48201511301
185947,Census Tract 5113.02; Harris County; Texas,48,201,511302,48201511302
144917,Census Tract 5114; Harris County; Texas,48,201,511400,48201511400
126071,Census Tract 5115.01; Harris County; Texas,48,201,511501,48201511501
202175,Census Tract 5115.02; Harris County; Texas,48,201,511502,48201511502
89554,Census Tract 5116; Harris County; Texas,48,201,511600,48201511600
143646,Census Tract 5201; Harris County; Texas,48,201,520100,48201520100
109363,Census Tract 5202; Harris County; Texas,48,201,520200,48201520200
62917,Census Tract 5203.01; Harris County; Texas,48,201,520301,48201520301
83234,Census Tract 5203.02; Harris County; Texas,48,201,520302,48201520302
40969,Census Tract 5204; Harris County; Texas,48,201,520400,48201520400
43578,Census Tract 5205.01; Harris County; Texas,48,201,520501,48201520501
50121,Census Tract 5205.02; Harris County; Texas,48,201,520502,48201520502
42604,Census Tract 5206.01; Harris County; Texas,48,201,520601,48201520601
41534,Census Tract 5206.03; Harris County; Texas,48,201,520603,48201520603
78283,Census Tract 5206.04; Harris County; Texas,48,201,520604,48201520604
135250,Census Tract 5207; Harris County; Texas,48,201,520700,48201520700
49483,Census Tract 5210; Harris County; Texas,48,201,521000,48201521000
34722,Census Tract 5211; Harris County; Texas,48,201,521100,48201521100
58606,Census Tract 5212.01; Harris County; Texas,48,201,521201,48201521201
56289,Census Tract 5212.02; Harris County; Texas,48,201,521202,48201521202
48631,Census Tract 5213; Harris County; Texas,48,201,521300,48201521300
53895,Census Tract 5214.01; Harris County; Texas,48,201,521401,48201521401
51042,Census Tract 5214.02; Harris County; Texas,48,201,521402,48201521402
60493,Census Tract 5215.01; Harris County; Texas,48,201,521501,48201521501
89096,Census Tract 5215.02; Harris County; Texas,48,201,521502,48201521502
95921,Census Tract 5216; Harris County; Texas,48,201,521600,48201521600
33479,Census Tract 5217.01; Harris County; Texas,48,201,521701,48201521701
35281,Census Tract 5217.02; Harris County; Texas,48,201,521702,48201521702
69402,Census Tract 5218; Harris County; Texas,48,201,521800,48201521800
83783,Census Tract 5219; Harris County; Texas,48,201,521900,48201521900
69327,Census Tract 5220.01; Harris County; Texas,48,201,522001,48201522001
86923,Census Tract 5220.02; Harris County; Texas,48,201,522002,48201522002
54286,Census Tract 5221.01; Harris County; Texas,48,201,522101,48201522101
91333,Census Tract 5221.02; Harris County; Texas,48,201,522102,48201522102
72365,Census Tract 5222.01; Harris County; Texas,48,201,522201,48201522201
66201,Census Tract 5222.02; Harris County; Texas,48,201,522202,48201522202
59215,Census Tract 5223.01; Harris County; Texas,48,201,522301,48201522301
59387,Census Tract 5223.02; Harris County; Texas,48,201,522302,48201522302
78017,Census Tract 5224.01; Harris County; Texas,48,201,522401,48201522401
67569,Census Tract 5224.02; Harris County; Texas,48,201,522402,48201522402
234297,Census Tract 5225; Harris County; Texas,48,201,522500,48201522500
40149,Census Tract 5301.01; Harris County; Texas,48,201,530101,48201530101
67860,Census Tract 5301.02; Harris County; Texas,48,201,530102,48201530102
140917,Census Tract 5302; Harris County; Texas,48,201,530200,48201530200
95114,Census Tract 5303; Harris County; Texas,48,201,530300,48201530300
61077,Census Tract 5304; Harris County; Texas,48,201,530400,48201530400
47561,Census Tract 5305.01; Harris County; Texas,48,201,530501,48201530501
46731,Census Tract 5305.02; Harris County; Texas,48,201,530502,48201530502
68125,Census Tract 5306; Harris County; Texas,48,201,530600,48201530600
19840,Census Tract 5307.01; Harris County; Texas,48,201,530701,48201530701
36686,Census Tract 5307.02; Harris County; Texas,48,201,530702,48201530702
36767,Census Tract 5308; Harris County; Texas,48,201,530800,48201530800
87176,Census Tract 5309; Harris County; Texas,48,201,530900,48201530900
160625,Census Tract 5310; Harris County; Texas,48,201,531000,48201531000
176091,Census Tract 5311; Harris County; Texas,48,201,531100,48201531100
94375,Census Tract 5312; Harris County; Texas,48,201,531200,48201531200
59738,Census Tract 5313; Harris County; Texas,48,201,531300,48201531300
98777,Census Tract 5314; Harris County; Texas,48,201,531400,48201531400
57500,Census Tract 5315; Harris County; Texas,48,201,531500,48201531500
147340,Census Tract 5316; Harris County; Texas,48,201,531600,48201531600
195208,Census Tract 5317; Harris County; Texas,48,201,531700,48201531700
25000,Census Tract 5318; Harris County; Texas,48,201,531800,48201531800
40659,Census Tract 5319; Harris County; Texas,48,201,531900,48201531900
34683,Census Tract 5320.03; Harris County; Texas,48,201,532003,48201532003
35485,Census Tract 5320.04; Harris County; Texas,48,201,532004,48201532004
66760,Census Tract 5321.01; Harris County; Texas,48,201,532101,48201532101
37383,Census Tract 5321.02; Harris County; Texas,48,201,532102,48201532102
29375,Census Tract 5322; Harris County; Texas,48,201,532200,48201532200
61156,Census Tract 5323.01; Harris County; Texas,48,201,532301,48201532301
62978,Census Tract 5323.02; Harris County; Texas,48,201,532302,48201532302
55947,Census Tract 5324; Harris County; Texas,48,201,532400,48201532400
56857,Census Tract 5325.02; Harris County; Texas,48,201,532502,48201532502
92286,Census Tract 5325.03; Harris County; Texas,48,201,532503,48201532503
105797,Census Tract 5325.04; Harris County; Texas,48,201,532504,48201532504
52657,Census Tract 5326; Harris County; Texas,48,201,532600,48201532600
60117,Census Tract 5327; Harris County; Texas,48,201,532700,48201532700
88750,Census Tract 5328; Harris County; Texas,48,201,532800,48201532800
45880,Census Tract 5329; Harris County; Texas,48,201,532900,48201532900
31892,Census Tract 5330; Harris County; Texas,48,201,533000,48201533000
68068,Census Tract 5331; Harris County; Texas,48,201,533100,48201533100
38772,Census Tract 5332; Harris County; Texas,48,201,533200,48201533200
39604,Census Tract 5333.01; Harris County; Texas,48,201,533301,48201533301
57750,Census Tract 5333.02; Harris County; Texas,48,201,533302,48201533302
47862,Census Tract 5334.01; Harris County; Texas,48,201,533401,48201533401
63276,Census Tract 5334.02; Harris County; Texas,48,201,533402,48201533402
53452,Census Tract 5335; Harris County; Texas,48,201,533500,48201533500
38642,Census Tract 5336; Harris County; Texas,48,201,533600,48201533600
39167,Census Tract 5337.01; Harris County; Texas,48,201,533701,48201533701
60859,Census Tract 5337.02; Harris County; Texas,48,201,533702,48201533702
57235,Census Tract 5338.02; Harris County; Texas,48,201,533802,48201533802
61029,Census Tract 5338.03; Harris County; Texas,48,201,533803,48201533803
81339,Census Tract 5338.04; Harris County; Texas,48,201,533804,48201533804
30760,Census Tract 5339.02; Harris County; Texas,48,201,533902,48201533902
71136,Census Tract 5339.03; Harris County; Texas,48,201,533903,48201533903
51173,Census Tract 5339.04; Harris County; Texas,48,201,533904,48201533904
70324,Census Tract 5340.01; Harris County; Texas,48,201,534001,48201534001
55481,Census Tract 5340.02; Harris County; Texas,48,201,534002,48201534002
83438,Census Tract 5340.03; Harris County; Texas,48,201,534003,48201534003
73333,Census Tract 5341.01; Harris County; Texas,48,201,534101,48201534101
103032,Census Tract 5341.02; Harris County; Texas,48,201,534102,48201534102
76774,Census Tract 5342.01; Harris County; Texas,48,201,534201,48201534201
59250,Census Tract 5342.03; Harris County; Texas,48,201,534203,48201534203
82955,Census Tract 5342.04; Harris County; Texas,48,201,534204,48201534204
90840,Census Tract 5342.05; Harris County; Texas,48,201,534205,48201534205
245513,Census Tract 5401.01; Harris County; Texas,48,201,540101,48201540101
67793,Census Tract 5401.02; Harris County; Texas,48,201,540102,48201540102
40385,Census Tract 5402; Harris County; Texas,48,201,540200,48201540200
92772,Census Tract 5405.02; Harris County; Texas,48,201,540502,48201540502
57826,Census Tract 5405.03; Harris County; Texas,48,201,540503,48201540503
54947,Census Tract 5405.04; Harris County; Texas,48,201,540504,48201540504
86607,Census Tract 5406.01; Harris County; Texas,48,201,540601,48201540601
90625,Census Tract 5406.02; Harris County; Texas,48,201,540602,48201540602
71648,Census Tract 5407; Harris County; Texas,48,201,540700,48201540700
65115,Census Tract 5408; Harris County; Texas,48,201,540800,48201540800
126182,Census Tract 5409.01; Harris County; Texas,48,201,540901,48201540901
64306,Census Tract 5409.03; Harris County; Texas,48,201,540903,48201540903
76961,Census Tract 5409.04; Harris County; Texas,48,201,540904,48201540904
82772,Census Tract 5410.04; Harris County; Texas,48,201,541004,48201541004
75712,Census Tract 5410.05; Harris County; Texas,48,201,541005,48201541005
102205,Census Tract 5410.06; Harris County; Texas,48,201,541006,48201541006
124707,Census Tract 5410.07; Harris County; Texas,48,201,541007,48201541007
131598,Census Tract 5410.08; Harris County; Texas,48,201,541008,48201541008
109853,Census Tract 5410.09; Harris County; Texas,48,201,541009,48201541009
86843,Census Tract 5411; Harris County; Texas,48,201,541100,48201541100
124063,Census Tract 5412.03; Harris County; Texas,48,201,541203,48201541203
87792,Census Tract 5412.04; Harris County; Texas,48,201,541204,48201541204
116250,Census Tract 5412.05; Harris County; Texas,48,201,541205,48201541205
104265,Census Tract 5412.06; Harris County; Texas,48,201,541206,48201541206
176652,Census Tract 5412.07; Harris County; Texas,48,201,541207,48201541207
90136,Census Tract 5413.01; Harris County; Texas,48,201,541301,48201541301
73931,Census Tract 5413.02; Harris County; Texas,48,201,541302,48201541302
72366,Census Tract 5414.01; Harris County; Texas,48,201,541401,48201541401
65737,Census Tract 5414.02; Harris County; Texas,48,201,541402,48201541402
56122,Census Tract 5414.03; Harris County; Texas,48,201,541403,48201541403
87778,Census Tract 5414.04; Harris County; Texas,48,201,541404,48201541404
88145,Census Tract 5415; Harris County; Texas,48,201,541500,48201541500
63548,Census Tract 5416.03; Harris County; Texas,48,201,541603,48201541603
105534,Census Tract 5416.04; Harris County; Texas,48,201,541604,48201541604
103454,Census Tract 5417.01; Harris County; Texas,48,201,541701,48201541701
59375,Census Tract 5417.02; Harris County; Texas,48,201,541702,48201541702
67530,Census Tract 5417.03; Harris County; Texas,48,201,541703,48201541703
66630,Census Tract 5418.01; Harris County; Texas,48,201,541801,48201541801
55898,Census Tract 5418.02; Harris County; Texas,48,201,541802,48201541802
80027,Census Tract 5419.01; Harris County; Texas,48,201,541901,48201541901
91932,Census Tract 5419.02; Harris County; Texas,48,201,541902,48201541902
83911,Census Tract 5420.01; Harris County; Texas,48,201,542001,48201542001
139940,Census Tract 5420.02; Harris County; Texas,48,201,542002,48201542002
87914,Census Tract 5420.03; Harris County; Texas,48,201,542003,48201542003
78042,Census Tract 5420.04; Harris County; Texas,48,201,542004,48201542004
90654,Census Tract 5421.03; Harris County; Texas,48,201,542103,48201542103
85757,Census Tract 5421.04; Harris County; Texas,48,201,542104,48201542104
82296,Census Tract 5421.05; Harris County; Texas,48,201,542105,48201542105
82560,Census Tract 5421.06; Harris County; Texas,48,201,542106,48201542106
87214,Census Tract 5421.07; Harris County; Texas,48,201,542107,48201542107
78913,Census Tract 5421.08; Harris County; Texas,48,201,542108,48201542108
97575,Census Tract 5422.01; Harris County; Texas,48,201,542201,48201542201
95483,Census Tract 5422.02; Harris County; Texas,48,201,542202,48201542202
87728,Census Tract 5422.03; Harris County; Texas,48,201,542203,48201542203
83651,Census Tract 5423.02; Harris County; Texas,48,201,542302,48201542302
109329,Census Tract 5423.03; Harris County; Texas,48,201,542303,48201542303
94750,Census Tract 5423.04; Harris County; Texas,48,201,542304,48201542304
95208,Census Tract 5423.05; Harris County; Texas,48,201,542305,48201542305
45234,Census Tract 5424.01; Harris County; Texas,48,201,542401,48201542401
81354,Census Tract 5424.02; Harris County; Texas,48,201,542402,48201542402
66988,Census Tract 5425; Harris County; Texas,48,201,542500,48201542500
98451,Census Tract 5426; Harris County; Texas,48,201,542600,48201542600
79625,Census Tract 5427; Harris County; Texas,48,201,542700,48201542700
95668,Census Tract 5428; Harris County; Texas,48,201,542800,48201542800
112713,Census Tract 5429.01; Harris County; Texas,48,201,542901,48201542901
126327,Census Tract 5429.02; Harris County; Texas,48,201,542902,48201542902
196568,Census Tract 5430.04; Harris County; Texas,48,201,543004,48201543004
104315,Census Tract 5430.05; Harris County; Texas,48,201,543005,48201543005
142549,Census Tract 5430.06; Harris County; Texas,48,201,543006,48201543006
172894,Census Tract 5430.07; Harris County; Texas,48,201,543007,48201543007
101818,Census Tract 5430.08; Harris County; Texas,48,201,543008,48201543008
74154,Census Tract 5430.09; Harris County; Texas,48,201,543009,48201543009
96776,Census Tract 5430.10; Harris County; Texas,48,201,543010,48201543010
89986,Census Tract 5430.11; Harris County; Texas,48,201,543011,48201543011
110708,Census Tract 5431; Harris County; Texas,48,201,543100,48201543100
76232,Census Tract 5432.01; Harris County; Texas,48,201,543201,48201543201
83616,Census Tract 5432.02; Harris County; Texas,48,201,543202,48201543202
28375,Census Tract 5501.01; Harris County; Texas,48,201,550101,48201550101
30432,Census Tract 5501.02; Harris County; Texas,48,201,550102,48201550102
29000,Census Tract 5502.01; Harris County; Texas,48,201,550201,48201550201
-666666666,Census Tract 5502.02; Harris County; Texas,48,201,550202,48201550202
41193,Census Tract 5503.03; Harris County; Texas,48,201,550303,48201550303
34306,Census Tract 5503.04; Harris County; Texas,48,201,550304,48201550304
64870,Census Tract 5503.05; Harris County; Texas,48,201,550305,48201550305
77057,Census Tract 5503.06; Harris County; Texas,48,201,550306,48201550306
40808,Census Tract 5503.07; Harris County; Texas,48,201,550307,48201550307
32356,Census Tract 5503.08; Harris County; Texas,48,201,550308,48201550308
23121,Census Tract 5504.03; Harris County; Texas,48,201,550403,48201550403
76891,Census Tract 5504.04; Harris County; Texas,48,201,550404,48201550404
49585,Census Tract 5504.05; Harris County; Texas,48,201,550405,48201550405
36528,Census Tract 5504.06; Harris County; Texas,48,201,550406,48201550406
79322,Census Tract 5504.07; Harris County; Texas,48,201,550407,48201550407
60881,Census Tract 5505; Harris County; Texas,48,201,550500,48201550500
71382,Census Tract 5506.01; Harris County; Texas,48,201,550601,48201550601
68875,Census Tract 5506.02; Harris County; Texas,48,201,550602,48201550602
62244,Census Tract 5506.03; Harris County; Texas,48,201,550603,48201550603
95642,Census Tract 5507; Harris County; Texas,48,201,550700,48201550700
69489,Census Tract 5508; Harris County; Texas,48,201,550800,48201550800
71719,Census Tract 5509.01; Harris County; Texas,48,201,550901,48201550901
87545,Census Tract 5509.02; Harris County; Texas,48,201,550902,48201550902
53065,Census Tract 5510; Harris County; Texas,48,201,551000,48201551000
44519,Census Tract 5511.01; Harris County; Texas,48,201,551101,48201551101
77986,Census Tract 5511.02; Harris County; Texas,48,201,551102,48201551102
53176,Census Tract 5512.01; Harris County; Texas,48,201,551201,48201551201
97903,Census Tract 5512.02; Harris County; Texas,48,201,551202,48201551202
138200,Census Tract 5513; Harris County; Texas,48,201,551300,48201551300
88189,Census Tract 5514; Harris County; Texas,48,201,551400,48201551400
58564,Census Tract 5515.01; Harris County; Texas,48,201,551501,48201551501
80893,Census Tract 5515.02; Harris County; Texas,48,201,551502,48201551502
66809,Census Tract 5516.01; Harris County; Texas,48,201,551601,48201551601
54594,Census Tract 5516.02; Harris County; Texas,48,201,551602,48201551602
133684,Census Tract 5517.02; Harris County; Texas,48,201,551702,48201551702
87346,Census Tract 5517.03; Harris County; Texas,48,201,551703,48201551703
125278,Census Tract 5517.04; Harris County; Texas,48,201,551704,48201551704
107680,Census Tract 5517.05; Harris County; Texas,48,201,551705,48201551705
107337,Census Tract 5518; Harris County; Texas,48,201,551800,48201551800
49931,Census Tract 5519.01; Harris County; Texas,48,201,551901,48201551901
58836,Census Tract 5519.02; Harris County; Texas,48,201,551902,48201551902
69756,Census Tract 5520.02; Harris County; Texas,48,201,552002,48201552002
103434,Census Tract 5520.03; Harris County; Texas,48,201,552003,48201552003
61838,Census Tract 5520.04; Harris County; Texas,48,201,552004,48201552004
89308,Census Tract 5521.01; Harris County; Texas,48,201,552101,48201552101
85500,Census Tract 5521.02; Harris County; Texas,48,201,552102,48201552102
87895,Census Tract 5521.03; Harris County; Texas,48,201,552103,48201552103
85055,Census Tract 5522; Harris County; Texas,48,201,552200,48201552200
84861,Census Tract 5523.01; Harris County; Texas,48,201,552301,48201552301
58586,Census Tract 5523.03; Harris County; Texas,48,201,552303,48201552303
98963,Census Tract 5523.04; Harris County; Texas,48,201,552304,48201552304
49808,Census Tract 5524.01; Harris County; Texas,48,201,552401,48201552401
115461,Census Tract 5524.02; Harris County; Texas,48,201,552402,48201552402
49940,Census Tract 5525.01; Harris County; Texas,48,201,552501,48201552501
75407,Census Tract 5525.02; Harris County; Texas,48,201,552502,48201552502
63574,Census Tract 5526.02; Harris County; Texas,48,201,552602,48201552602
44497,Census Tract 5526.03; Harris County; Texas,48,201,552603,48201552603
73967,Census Tract 5526.04; Harris County; Texas,48,201,552604,48201552604
52770,Census Tract 5527.01; Harris County; Texas,48,201,552701,48201552701
60804,Census Tract 5527.02; Harris County; Texas,48,201,552702,48201552702
79076,Census Tract 5528.01; Harris County; Texas,48,201,552801,48201552801
78493,Census Tract 5528.02; Harris County; Texas,48,201,552802,48201552802
63664,Census Tract 5529.01; Harris County; Texas,48,201,552901,48201552901
116413,Census Tract 5529.02; Harris County; Texas,48,201,552902,48201552902
85701,Census Tract 5530.01; Harris County; Texas,48,201,553001,48201553001
94314,Census Tract 5530.02; Harris County; Texas,48,201,553002,48201553002
92720,Census Tract 5531.01; Harris County; Texas,48,201,553101,48201553101
82970,Census Tract 5531.02; Harris County; Texas,48,201,553102,48201553102
69882,Census Tract 5532.01; Harris County; Texas,48,201,553201,48201553201
47708,Census Tract 5532.02; Harris County; Texas,48,201,553202,48201553202
42946,Census Tract 5533; Harris County; Texas,48,201,553300,48201553300
119700,Census Tract 5534.01; Harris County; Texas,48,201,553401,48201553401
79731,Census Tract 5534.03; Harris County; Texas,48,201,553403,48201553403
142603,Census Tract 5534.04; Harris County; Texas,48,201,553404,48201553404
105250,Census Tract 5534.05; Harris County; Texas,48,201,553405,48201553405
100815,Census Tract 5535; Harris County; Texas,48,201,553500,48201553500
117467,Census Tract 5536.01; Harris County; Texas,48,201,553601,48201553601
55504,Census Tract 5536.02; Harris County; Texas,48,201,553602,48201553602
72338,Census Tract 5537; Harris County; Texas,48,201,553700,48201553700
138608,Census Tract 5538.01; Harris County; Texas,48,201,553801,48201553801
123722,Census Tract 5538.03; Harris County; Texas,48,201,553803,48201553803
75613,Census Tract 5538.04; Harris County; Texas,48,201,553804,48201553804
145481,Census Tract 5539.01; Harris County; Texas,48,201,553901,48201553901
95105,Census Tract 5540.01; Harris County; Texas,48,201,554001,48201554001
171250,Census Tract 5540.02; Harris County; Texas,48,201,554002,48201554002
112500,Census Tract 5541.03; Harris County; Texas,48,201,554103,48201554103
107961,Census Tract 5541.04; Harris County; Texas,48,201,554104,48201554104
81817,Census Tract 5542.01; Harris County; Texas,48,201,554201,48201554201
88650,Census Tract 5542.02; Harris County; Texas,48,201,554202,48201554202
132799,Census Tract 5543.01; Harris County; Texas,48,201,554301,48201554301
112583,Census Tract 5543.02; Harris County; Texas,48,201,554302,48201554302
170500,Census Tract 5544.04; Harris County; Texas,48,201,554404,48201554404
138599,Census Tract 5544.05; Harris County; Texas,48,201,554405,48201554405
134792,Census Tract 5544.06; Harris County; Texas,48,201,554406,48201554406
112344,Census Tract 5544.07; Harris County; Texas,48,201,554407,48201554407
111415,Census Tract 5544.08; Harris County; Texas,48,201,554408,48201554408
146626,Census Tract 5544.09; Harris County; Texas,48,201,554409,48201554409
114125,Census Tract 5544.10; Harris County; Texas,48,201,554410,48201554410
161394,Census Tract 5545.01; Harris County; Texas,48,201,554501,48201554501
145714,Census Tract 5545.02; Harris County; Texas,48,201,554502,48201554502
144630,Census Tract 5546; Harris County; Texas,48,201,554600,48201554600
85032,Census Tract 5547.01; Harris County; Texas,48,201,554701,48201554701
125346,Census Tract 5547.02; Harris County; Texas,48,201,554702,48201554702
142734,Census Tract 5548.03; Harris County; Texas,48,201,554803,48201554803
145760,Census Tract 5548.04; Harris County; Texas,48,201,554804,48201554804
104331,Census Tract 5548.05; Harris County; Texas,48,201,554805,48201554805
116188,Census Tract 5548.06; Harris County; Texas,48,201,554806,48201554806
86937,Census Tract 5548.07; Harris County; Texas,48,201,554807,48201554807
144063,Census Tract 5548.08; Harris County; Texas,48,201,554808,48201554808
118456,Census Tract 5548.09; Harris County; Texas,48,201,554809,48201554809
134836,Census Tract 5549.02; Harris County; Texas,48,201,554902,48201554902
113607,Census Tract 5549.04; Harris County; Texas,48,201,554904,48201554904
124988,Census Tract 5549.05; Harris County; Texas,48,201,554905,48201554905
95102,Census Tract 5549.06; Harris County; Texas,48,201,554906,48201554906
85473,Census Tract 5549.07; Harris County; Texas,48,201,554907,48201554907
108896,Census Tract 5549.08; Harris County; Texas,48,201,554908,48201554908
113548,Census Tract 5550.01; Harris County; Texas,48,201,555001,48201555001
99207,Census Tract 5550.02; Harris County; Texas,48,201,555002,48201555002
86739,Census Tract 5551.01; Harris County; Texas,48,201,555101,48201555101
75625,Census Tract 5551.02; Harris County; Texas,48,201,555102,48201555102
103897,Census Tract 5552; Harris County; Texas,48,201,555200,48201555200
137033,Census Tract 5553.01; Harris County; Texas,48,201,555301,48201555301
132808,Census Tract 5553.03; Harris County; Texas,48,201,555303,48201555303
153462,Census Tract 5553.04; Harris County; Texas,48,201,555304,48201555304
204948,Census Tract 5553.05; Harris County; Texas,48,201,555305,48201555305
88013,Census Tract 5554.01; Harris County; Texas,48,201,555401,48201555401
81653,Census Tract 5554.03; Harris County; Texas,48,201,555403,48201555403
47220,Census Tract 5554.04; Harris County; Texas,48,201,555404,48201555404
109758,Census Tract 5555.01; Harris County; Texas,48,201,555501,48201555501
120704,Census Tract 5555.03; Harris County; Texas,48,201,555503,48201555503
117056,Census Tract 5555.04; Harris County; Texas,48,201,555504,48201555504
138200,Census Tract 5555.05; Harris County; Texas,48,201,555505,48201555505
141665,Census Tract 5556; Harris County; Texas,48,201,555600,48201555600
124271,Census Tract 5557.01; Harris County; Texas,48,201,555701,48201555701
124950,Census Tract 5557.03; Harris County; Texas,48,201,555703,48201555703
173333,Census Tract 5557.04; Harris County; Texas,48,201,555704,48201555704
99269,Census Tract 5560; Harris County; Texas,48,201,556000,48201556000
134444,Census Tract 5561; Harris County; Texas,48,201,556100,48201556100
-666666666,Census Tract 9800; Harris County; Texas,48,201,980000,48201980000
-666666666,Census Tract 9801; Harris County; Texas,48,201,980100,48201980100
-666666666,Census Tract 9802; Harris County; Texas,48,201,980200,48201980200
-666666666,Census Tract 9803; Harris County; Texas,48,201,980300,48201980300
-666666666,Census Tract 9804; Harris County; Texas,48,201,980400,48201980400
139038,Census Tract 9807; Harris County; Texas,48,201,980700,48201980700
