Total_Population,NAME,state,county,tract
5256,Census Tract 1000.01; Harris County; Texas,48,201,100001
3983,Census Tract 2104; Harris County; Texas,48,201,210400
4711,Census Tract 2105; Harris County; Texas,48,201,210500
5821,Census Tract 2106; Harris County; Texas,48,201,210600
2534,Census Tract 2107; Harris County; Texas,48,201,210700
2106,Census Tract 2108; Harris County; Texas,48,201,210800
1676,Census Tract 2109; Harris County; Texas,48,201,210900
1813,Census Tract 2110; Harris County; Texas,48,201,211000
3240,Census Tract 2111.01; Harris County; Texas,48,201,211101
2215,Census Tract 2111.02; Harris County; Texas,48,201,211102
2207,Census Tract 2112; Harris County; Texas,48,201,211200
2590,Census Tract 2113.01; Harris County; Texas,48,201,211301
2704,Census Tract 2113.02; Harris County; Texas,48,201,211302
4127,Census Tract 2114; Harris County; Texas,48,201,211400
3034,Census Tract 2115.01; Harris County; Texas,48,201,211501
2909,Census Tract 2115.02; Harris County; Texas,48,201,211502
2945,Census Tract 2116; Harris County; Texas,48,201,211600
3707,Census Tract 2117; Harris County; Texas,48,201,211700
5157,Census Tract 2119; Harris County; Texas,48,201,211900
4554,Census Tract 2123; Harris County; Texas,48,201,212300
3198,Census Tract 2124; Harris County; Texas,48,201,212400
3517,Census Tract 2125; Harris County; Texas,48,201,212500
1571,Census Tract 2201; Harris County; Texas,48,201,220100
2313,Census Tract 2202; Harris County; Texas,48,201,220200
4162,Census Tract 2203; Harris County; Texas,48,201,220300
4895,Census Tract 2204; Harris County; Texas,48,201,220400
3310,Census Tract 2205; Harris County; Texas,48,201,220500
3137,Census Tract 2206; Harris County; Texas,48,201,220600
3039,Census Tract 2207.01; Harris County; Texas,48,201,220701
3541,Census Tract 2207.02; Harris County; Texas,48,201,220702
3897,Census Tract 2208; Harris County; Texas,48,201,220800
1670,Census Tract 2209; Harris County; Texas,48,201,220900
3827,Census Tract 2210; Harris County; Texas,48,201,221000
3702,Census Tract 2211; Harris County; Texas,48,201,221100
5609,Census Tract 2212; Harris County; Texas,48,201,221200
4241,Census Tract 2213.01; Harris County; Texas,48,201,221301
3647,Census Tract 2213.02; Harris County; Texas,48,201,221302
6414,Census Tract 2214; Harris County; Texas,48,201,221400
5636,Census Tract 2215.01; Harris County; Texas,48,201,221501
3321,Census Tract 2215.02; Harris County; Texas,48,201,221502
3277,Census Tract 2216.01; Harris County; Texas,48,201,221601
5411,Census Tract 2216.02; Harris County; Texas,48,201,221602
5488,Census Tract 2217.01; Harris County; Texas,48,201,221701
3003,Census Tract 2217.02; Harris County; Texas,48,201,221702
4597,Census Tract 2218; Harris County; Texas,48,201,221800
5231,Census Tract 2219; Harris County; Texas,48,201,221900
2349,Census Tract 2220; Harris County; Texas,48,201,222000
4750,Census Tract 2221; Harris County; Texas,48,201,222100
3044,Census Tract 2222; Harris County; Texas,48,201,222200
4984,Census Tract 2223; Harris County; Texas,48,201,222300
2937,Census Tract 2224.01; Harris County; Texas,48,201,222401
6678,Census Tract 2224.02; Harris County; Texas,48,201,222402
3233,Census Tract 2225.01; Harris County; Texas,48,201,222501
3719,Census Tract 2225.02; Harris County; Texas,48,201,222502
3571,Census Tract 2225.04; Harris County; Texas,48,201,222504
3351,Census Tract 2225.05; Harris County; Texas,48,201,222505
2082,Census Tract 2226.01; Harris County; Texas,48,201,222601
2459,Census Tract 2226.02; Harris County; Texas,48,201,222602
2597,Census Tract 2227.01; Harris County; Texas,48,201,222701
3832,Census Tract 2227.02; Harris County; Texas,48,201,222702
4350,Census Tract 2228; Harris County; Texas,48,201,222800
8047,Census Tract 2229; Harris County; Texas,48,201,222900
4117,Census Tract 2230.01; Harris County; Texas,48,201,223001
2902,Census Tract 2230.02; Harris County; Texas,48,201,223002
2433,Census Tract 2231; Harris County; Texas,48,201,223100
1380,Census Tract 2301; Harris County; Texas,48,201,230100
4860,Census Tract 2302; Harris County; Texas,48,201,230200
2126,Census Tract 2303; Harris County; Texas,48,201,230300
3923,Census Tract 2304; Harris County; Texas,48,201,230400
4078,Census Tract 2305; Harris County; Texas,48,201,230500
2983,Census Tract 2306; Harris County; Texas,48,201,230600
2727,Census Tract 2307; Harris County; Texas,48,201,230700
2136,Census Tract 2308; Harris County; Texas,48,201,230800
4473,Census Tract 2309; Harris County; Texas,48,201,230900
5795,Census Tract 2310; Harris County; Texas,48,201,231000
5256,Census Tract 2311; Harris County; Texas,48,201,231100
6230,Census Tract 2312; Harris County; Texas,48,201,231200
4891,Census Tract 2313; Harris County; Texas,48,201,231300
2973,Census Tract 2314; Harris County; Texas,48,201,231400
2866,Census Tract 2315; Harris County; Texas,48,201,231500
3377,Census Tract 2316; Harris County; Texas,48,201,231600
4588,Census Tract 2317; Harris County; Texas,48,201,231700
3132,Census Tract 2318; Harris County; Texas,48,201,231800
6511,Census Tract 2319; Harris County; Texas,48,201,231900
4707,Census Tract 2320; Harris County; Texas,48,201,232000
3918,Census Tract 2321; Harris County; Texas,48,201,232100
7323,Census Tract 2322.01; Harris County; Texas,48,201,232201
5460,Census Tract 2322.02; Harris County; Texas,48,201,232202
5936,Census Tract 2322.03; Harris County; Texas,48,201,232203
5298,Census Tract 2323.03; Harris County; Texas,48,201,232303
7258,Census Tract 2323.04; Harris County; Texas,48,201,232304
10603,Census Tract 2323.05; Harris County; Texas,48,201,232305
3896,Census Tract 2323.06; Harris County; Texas,48,201,232306
4753,Census Tract 2324.02; Harris County; Texas,48,201,232402
4184,Census Tract 2324.03; Harris County; Texas,48,201,232403
3854,Census Tract 2324.04; Harris County; Texas,48,201,232404
5917,Census Tract 2324.05; Harris County; Texas,48,201,232405
4210,Census Tract 2325; Harris County; Texas,48,201,232500
2678,Census Tract 2326; Harris County; Texas,48,201,232600
7941,Census Tract 2327.01; Harris County; Texas,48,201,232701
2297,Census Tract 2327.03; Harris County; Texas,48,201,232703
2096,Census Tract 2327.04; Harris County; Texas,48,201,232704
2729,Census Tract 2328.01; Harris County; Texas,48,201,232801
2822,Census Tract 2328.02; Harris County; Texas,48,201,232802
4919,Census Tract 2329.01; Harris County; Texas,48,201,232901
4499,Census Tract 2329.02; Harris County; Texas,48,201,232902
3860,Census Tract 2330.01; Harris County; Texas,48,201,233001
4484,Census Tract 2330.02; Harris County; Texas,48,201,233002
2734,Census Tract 2330.03; Harris County; Texas,48,201,233003
4620,Census Tract 2331.01; Harris County; Texas,48,201,233101
5139,Census Tract 2331.03; Harris County; Texas,48,201,233103
2748,Census Tract 2331.04; Harris County; Texas,48,201,233104
4679,Census Tract 2331.05; Harris County; Texas,48,201,233105
6664,Census Tract 2332; Harris County; Texas,48,201,233200
4750,Census Tract 2333; Harris County; Texas,48,201,233300
2662,Census Tract 2334; Harris County; Texas,48,201,233400
3800,Census Tract 2335.01; Harris County; Texas,48,201,233501
3127,Census Tract 2335.02; Harris County; Texas,48,201,233502
1953,Census Tract 2336; Harris County; Texas,48,201,233600
4363,Census Tract 2337.01; Harris County; Texas,48,201,233701
3035,Census Tract 2337.02; Harris County; Texas,48,201,233702
3037,Census Tract 2337.03; Harris County; Texas,48,201,233703
2462,Census Tract 2401.01; Harris County; Texas,48,201,240101
1829,Census Tract 2401.02; Harris County; Texas,48,201,240102
7976,Census Tract 2404; Harris County; Texas,48,201,240400
2882,Census Tract 2405.03; Harris County; Texas,48,201,240503
3693,Census Tract 2405.04; Harris County; Texas,48,201,240504
1318,Census Tract 2405.05; Harris County; Texas,48,201,240505
5767,Census Tract 2405.06; Harris County; Texas,48,201,240506
3582,Census Tract 2406; Harris County; Texas,48,201,240600
5843,Census Tract 2407.03; Harris County; Texas,48,201,240703
4545,Census Tract 2407.04; Harris County; Texas,48,201,240704
3984,Census Tract 2407.05; Harris County; Texas,48,201,240705
9675,Census Tract 2407.06; Harris County; Texas,48,201,240706
5433,Census Tract 2407.07; Harris County; Texas,48,201,240707
8783,Census Tract 2408.02; Harris County; Texas,48,201,240802
2562,Census Tract 2408.03; Harris County; Texas,48,201,240803
2899,Census Tract 2408.04; Harris County; Texas,48,201,240804
7185,Census Tract 2409.03; Harris County; Texas,48,201,240903
9399,Census Tract 2409.04; Harris County; Texas,48,201,240904
5517,Census Tract 2409.05; Harris County; Texas,48,201,240905
7766,Census Tract 2409.06; Harris County; Texas,48,201,240906
3952,Census Tract 2410.01; Harris County; Texas,48,201,241001
5439,Census Tract 2410.02; Harris County; Texas,48,201,241002
5197,Census Tract 2411.01; Harris County; Texas,48,201,241101
3957,Census Tract 2411.03; Harris County; Texas,48,201,241103
9303,Census Tract 2411.04; Harris County; Texas,48,201,241104
5816,Census Tract 2411.05; Harris County; Texas,48,201,241105
3314,Census Tract 2412.01; Harris County; Texas,48,201,241201
4772,Census Tract 2412.02; Harris County; Texas,48,201,241202
4568,Census Tract 2413.01; Harris County; Texas,48,201,241301
8254,Census Tract 2413.02; Harris County; Texas,48,201,241302
10239,Census Tract 2414; Harris County; Texas,48,201,241400
3964,Census Tract 2415.01; Harris County; Texas,48,201,241501
2098,Census Tract 2415.02; Harris County; Texas,48,201,241502
2481,Census Tract 2415.03; Harris County; Texas,48,201,241503
4612,Census Tract 2501.01; Harris County; Texas,48,201,250101
5257,Census Tract 2501.02; Harris County; Texas,48,201,250102
6841,Census Tract 2502.01; Harris County; Texas,48,201,250201
2328,Census Tract 2502.02; Harris County; Texas,48,201,250202
3475,Census Tract 2503.03; Harris County; Texas,48,201,250303
9198,Census Tract 2503.04; Harris County; Texas,48,201,250304
5569,Census Tract 2503.05; Harris County; Texas,48,201,250305
3438,Census Tract 2503.06; Harris County; Texas,48,201,250306
3525,Census Tract 2504.03; Harris County; Texas,48,201,250403
4842,Census Tract 2504.04; Harris County; Texas,48,201,250404
10214,Census Tract 2504.05; Harris County; Texas,48,201,250405
4773,Census Tract 2504.06; Harris County; Texas,48,201,250406
9719,Census Tract 2504.07; Harris County; Texas,48,201,250407
10049,Census Tract 2504.08; Harris County; Texas,48,201,250408
5862,Census Tract 2505; Harris County; Texas,48,201,250500
3085,Census Tract 2506.01; Harris County; Texas,48,201,250601
5222,Census Tract 2506.02; Harris County; Texas,48,201,250602
7584,Census Tract 2507.01; Harris County; Texas,48,201,250701
4110,Census Tract 2507.02; Harris County; Texas,48,201,250702
3519,Census Tract 2508.01; Harris County; Texas,48,201,250801
4655,Census Tract 2508.02; Harris County; Texas,48,201,250802
3723,Census Tract 2509.01; Harris County; Texas,48,201,250901
5709,Census Tract 2509.02; Harris County; Texas,48,201,250902
3015,Census Tract 2510; Harris County; Texas,48,201,251000
6839,Census Tract 2511; Harris County; Texas,48,201,251100
6537,Census Tract 2512; Harris County; Texas,48,201,251200
6844,Census Tract 2513; Harris County; Texas,48,201,251300
3065,Census Tract 2514.01; Harris County; Texas,48,201,251401
6952,Census Tract 2514.02; Harris County; Texas,48,201,251402
5716,Census Tract 2515.01; Harris County; Texas,48,201,251501
2790,Census Tract 2515.03; Harris County; Texas,48,201,251503
5100,Census Tract 2515.04; Harris County; Texas,48,201,251504
3811,Census Tract 2515.05; Harris County; Texas,48,201,251505
6842,Census Tract 2516; Harris County; Texas,48,201,251600
3400,Census Tract 2517.01; Harris County; Texas,48,201,251701
3443,Census Tract 2517.02; Harris County; Texas,48,201,251702
1656,Census Tract 2518; Harris County; Texas,48,201,251800
7676,Census Tract 2519.02; Harris County; Texas,48,201,251902
4204,Census Tract 2519.03; Harris County; Texas,48,201,251903
6969,Census Tract 2519.04; Harris County; Texas,48,201,251904
7775,Census Tract 2520.01; Harris County; Texas,48,201,252001
5682,Census Tract 2520.02; Harris County; Texas,48,201,252002
10659,Census Tract 2520.03; Harris County; Texas,48,201,252003
3142,Census Tract 2521; Harris County; Texas,48,201,252100
5397,Census Tract 2522.01; Harris County; Texas,48,201,252201
6817,Census Tract 2522.02; Harris County; Texas,48,201,252202
5031,Census Tract 2523.03; Harris County; Texas,48,201,252303
4040,Census Tract 2523.04; Harris County; Texas,48,201,252304
6751,Census Tract 2523.05; Harris County; Texas,48,201,252305
10080,Census Tract 2523.06; Harris County; Texas,48,201,252306
6197,Census Tract 2524; Harris County; Texas,48,201,252400
4821,Census Tract 2525; Harris County; Texas,48,201,252500
3547,Census Tract 2526.01; Harris County; Texas,48,201,252601
3808,Census Tract 2526.02; Harris County; Texas,48,201,252602
4282,Census Tract 2527; Harris County; Texas,48,201,252700
6525,Census Tract 2528; Harris County; Texas,48,201,252800
2282,Census Tract 2529.01; Harris County; Texas,48,201,252901
6360,Census Tract 2529.02; Harris County; Texas,48,201,252902
4915,Census Tract 2530; Harris County; Texas,48,201,253000
6071,Census Tract 2531.01; Harris County; Texas,48,201,253101
6576,Census Tract 2531.02; Harris County; Texas,48,201,253102
6002,Census Tract 2532.01; Harris County; Texas,48,201,253201
4680,Census Tract 2532.02; Harris County; Texas,48,201,253202
3883,Census Tract 2533; Harris County; Texas,48,201,253300
8396,Census Tract 2535.01; Harris County; Texas,48,201,253501
4317,Census Tract 2535.02; Harris County; Texas,48,201,253502
3784,Census Tract 2536.01; Harris County; Texas,48,201,253601
4261,Census Tract 2536.02; Harris County; Texas,48,201,253602
6173,Census Tract 2537; Harris County; Texas,48,201,253700
8722,Census Tract 2538; Harris County; Texas,48,201,253800
3808,Census Tract 2539; Harris County; Texas,48,201,253900
3305,Census Tract 2540; Harris County; Texas,48,201,254000
5669,Census Tract 2541; Harris County; Texas,48,201,254100
2685,Census Tract 2542; Harris County; Texas,48,201,254200
5704,Census Tract 2543; Harris County; Texas,48,201,254300
3014,Census Tract 2544; Harris County; Texas,48,201,254400
3492,Census Tract 2546; Harris County; Texas,48,201,254600
2257,Census Tract 2547; Harris County; Texas,48,201,254700
2738,Census Tract 2548; Harris County; Texas,48,201,254800
2764,Census Tract 3101.01; Harris County; Texas,48,201,310101
2502,Census Tract 3101.02; Harris County; Texas,48,201,310102
2057,Census Tract 3102; Harris County; Texas,48,201,310200
4281,Census Tract 3103; Harris County; Texas,48,201,310300
3394,Census Tract 3104; Harris County; Texas,48,201,310400
3452,Census Tract 3105; Harris County; Texas,48,201,310500
4547,Census Tract 3106; Harris County; Texas,48,201,310600
4033,Census Tract 3107; Harris County; Texas,48,201,310700
2996,Census Tract 3108; Harris County; Texas,48,201,310800
4911,Census Tract 3109; Harris County; Texas,48,201,310900
2756,Census Tract 3110.01; Harris County; Texas,48,201,311001
3808,Census Tract 3110.02; Harris County; Texas,48,201,311002
4732,Census Tract 3111; Harris County; Texas,48,201,311100
4250,Census Tract 3112; Harris County; Texas,48,201,311200
4496,Census Tract 3113; Harris County; Texas,48,201,311300
1471,Census Tract 3114; Harris County; Texas,48,201,311400
2474,Census Tract 3115.01; Harris County; Texas,48,201,311501
3745,Census Tract 3115.02; Harris County; Texas,48,201,311502
4312,Census Tract 3116; Harris County; Texas,48,201,311600
3688,Census Tract 3117.01; Harris County; Texas,48,201,311701
2004,Census Tract 3117.02; Harris County; Texas,48,201,311702
4616,Census Tract 3118; Harris County; Texas,48,201,311800
1653,Census Tract 3119; Harris County; Texas,48,201,311900
3587,Census Tract 3120; Harris County; Texas,48,201,312000
1512,Census Tract 3122; Harris County; Texas,48,201,312200
2333,Census Tract 3123; Harris County; Texas,48,201,312300
1856,Census Tract 3124; Harris County; Texas,48,201,312400
2428,Census Tract 3125.01; Harris County; Texas,48,201,312501
1946,Census Tract 3125.02; Harris County; Texas,48,201,312502
3698,Census Tract 3126.01; Harris County; Texas,48,201,312601
2353,Census Tract 3126.02; Harris County; Texas,48,201,312602
3642,Census Tract 3126.03; Harris County; Texas,48,201,312603
2198,Census Tract 3127; Harris County; Texas,48,201,312700
3291,Census Tract 3128; Harris County; Texas,48,201,312800
2232,Census Tract 3129.01; Harris County; Texas,48,201,312901
2250,Census Tract 3129.02; Harris County; Texas,48,201,312902
3059,Census Tract 3130; Harris County; Texas,48,201,313000
2586,Census Tract 3131.01; Harris County; Texas,48,201,313101
1727,Census Tract 3131.02; Harris County; Texas,48,201,313102
1370,Census Tract 3132.01; Harris County; Texas,48,201,313201
2618,Census Tract 3132.02; Harris County; Texas,48,201,313202
2250,Census Tract 3133; Harris County; Texas,48,201,313300
4158,Census Tract 3134; Harris County; Texas,48,201,313400
2331,Census Tract 3135; Harris County; Texas,48,201,313500
4563,Census Tract 3136; Harris County; Texas,48,201,313600
2045,Census Tract 3137; Harris County; Texas,48,201,313700
1446,Census Tract 3138.01; Harris County; Texas,48,201,313801
2259,Census Tract 3138.02; Harris County; Texas,48,201,313802
2903,Census Tract 3139.01; Harris County; Texas,48,201,313901
2719,Census Tract 3139.02; Harris County; Texas,48,201,313902
2855,Census Tract 3140.01; Harris County; Texas,48,201,314001
2322,Census Tract 3140.03; Harris County; Texas,48,201,314003
1755,Census Tract 3140.04; Harris County; Texas,48,201,314004
2993,Census Tract 3140.05; Harris County; Texas,48,201,314005
1936,Census Tract 3143.01; Harris County; Texas,48,201,314301
1469,Census Tract 3143.02; Harris County; Texas,48,201,314302
1599,Census Tract 3144.01; Harris County; Texas,48,201,314401
2095,Census Tract 3144.02; Harris County; Texas,48,201,314402
2539,Census Tract 3201; Harris County; Texas,48,201,320100
2876,Census Tract 3202.01; Harris County; Texas,48,201,320201
3317,Census Tract 3202.02; Harris County; Texas,48,201,320202
4426,Census Tract 3205; Harris County; Texas,48,201,320500
2441,Census Tract 3206.01; Harris County; Texas,48,201,320601
5047,Census Tract 3206.02; Harris County; Texas,48,201,320602
4110,Census Tract 3207; Harris County; Texas,48,201,320700
4804,Census Tract 3208; Harris County; Texas,48,201,320800
3649,Census Tract 3209.01; Harris County; Texas,48,201,320901
3280,Census Tract 3209.02; Harris County; Texas,48,201,320902
3039,Census Tract 3210.01; Harris County; Texas,48,201,321001
5279,Census Tract 3210.02; Harris County; Texas,48,201,321002
3489,Census Tract 3211.01; Harris County; Texas,48,201,321101
4012,Census Tract 3211.02; Harris County; Texas,48,201,321102
4883,Census Tract 3212; Harris County; Texas,48,201,321200
4065,Census Tract 3213.01; Harris County; Texas,48,201,321301
2148,Census Tract 3213.02; Harris County; Texas,48,201,321302
3991,Census Tract 3214.01; Harris County; Texas,48,201,321401
4773,Census Tract 3214.02; Harris County; Texas,48,201,321402
2601,Census Tract 3215; Harris County; Texas,48,201,321500
6739,Census Tract 3216; Harris County; Texas,48,201,321600
3389,Census Tract 3217; Harris County; Texas,48,201,321700
4402,Census Tract 3218; Harris County; Texas,48,201,321800
5979,Census Tract 3219; Harris County; Texas,48,201,321900
3969,Census Tract 3220; Harris County; Texas,48,201,322000
4158,Census Tract 3221; Harris County; Texas,48,201,322100
1582,Census Tract 3222; Harris County; Texas,48,201,322200
5020,Census Tract 3226; Harris County; Texas,48,201,322600
2401,Census Tract 3227.01; Harris County; Texas,48,201,322701
3795,Census Tract 3227.02; Harris County; Texas,48,201,322702
6761,Census Tract 3228; Harris County; Texas,48,201,322800
3605,Census Tract 3229; Harris County; Texas,48,201,322900
7169,Census Tract 3230; Harris County; Texas,48,201,323000
4098,Census Tract 3231; Harris County; Texas,48,201,323100
6018,Census Tract 3232; Harris County; Texas,48,201,323200
3070,Census Tract 3233; Harris County; Texas,48,201,323300
7849,Census Tract 3234; Harris County; Texas,48,201,323400
5524,Census Tract 3235; Harris County; Texas,48,201,323500
3578,Census Tract 3236.01; Harris County; Texas,48,201,323601
4818,Census Tract 3236.02; Harris County; Texas,48,201,323602
4440,Census Tract 3237.01; Harris County; Texas,48,201,323701
3053,Census Tract 3237.02; Harris County; Texas,48,201,323702
3959,Census Tract 3238.01; Harris County; Texas,48,201,323801
4969,Census Tract 3238.02; Harris County; Texas,48,201,323802
3141,Census Tract 3239; Harris County; Texas,48,201,323900
5720,Census Tract 3240; Harris County; Texas,48,201,324000
5441,Census Tract 3241.01; Harris County; Texas,48,201,324101
0,Census Tract 3241.02; Harris County; Texas,48,201,324102
782,Census Tract 3242; Harris County; Texas,48,201,324200
5626,Census Tract 3301.01; Harris County; Texas,48,201,330101
2608,Census Tract 3301.02; Harris County; Texas,48,201,330102
4997,Census Tract 3302; Harris County; Texas,48,201,330200
8579,Census Tract 3303.01; Harris County; Texas,48,201,330301
5001,Census Tract 3303.02; Harris County; Texas,48,201,330302
4588,Census Tract 3303.03; Harris County; Texas,48,201,330303
4836,Census Tract 3304; Harris County; Texas,48,201,330400
4913,Census Tract 3305; Harris County; Texas,48,201,330500
6884,Census Tract 3306; Harris County; Texas,48,201,330600
9562,Census Tract 3307; Harris County; Texas,48,201,330700
5585,Census Tract 3308.01; Harris County; Texas,48,201,330801
10478,Census Tract 3308.02; Harris County; Texas,48,201,330802
10866,Census Tract 3309.01; Harris County; Texas,48,201,330901
2860,Census Tract 3309.02; Harris County; Texas,48,201,330902
3470,Census Tract 3311; Harris County; Texas,48,201,331100
4744,Census Tract 3312; Harris County; Texas,48,201,331200
4062,Census Tract 3313; Harris County; Texas,48,201,331300
2953,Census Tract 3314; Harris County; Texas,48,201,331400
4355,Census Tract 3315.01; Harris County; Texas,48,201,331501
5010,Census Tract 3315.02; Harris County; Texas,48,201,331502
3034,Census Tract 3316.02; Harris County; Texas,48,201,331602
4774,Census Tract 3316.03; Harris County; Texas,48,201,331603
2214,Census Tract 3316.04; Harris County; Texas,48,201,331604
4134,Census Tract 3317; Harris County; Texas,48,201,331700
3685,Census Tract 3318; Harris County; Texas,48,201,331800
3651,Census Tract 3319; Harris County; Texas,48,201,331900
5951,Census Tract 3320; Harris County; Texas,48,201,332000
3102,Census Tract 3321; Harris County; Texas,48,201,332100
4616,Census Tract 3322; Harris County; Texas,48,201,332200
2922,Census Tract 3323; Harris County; Texas,48,201,332300
4097,Census Tract 3324; Harris County; Texas,48,201,332400
3659,Census Tract 3325; Harris County; Texas,48,201,332500
6737,Census Tract 3326; Harris County; Texas,48,201,332600
2528,Census Tract 3327; Harris County; Texas,48,201,332700
4433,Census Tract 3328; Harris County; Texas,48,201,332800
4953,Census Tract 3329; Harris County; Texas,48,201,332900
3917,Census Tract 3330; Harris County; Texas,48,201,333000
3554,Census Tract 3331; Harris County; Texas,48,201,333100
5065,Census Tract 3332.01; Harris County; Texas,48,201,333201
2558,Census Tract 3332.03; Harris County; Texas,48,201,333203
2219,Census Tract 3332.04; Harris County; Texas,48,201,333204
1618,Census Tract 3332.05; Harris County; Texas,48,201,333205
5096,Census Tract 3333.01; Harris County; Texas,48,201,333301
3248,Census Tract 3333.02; Harris County; Texas,48,201,333302
3157,Census Tract 3335.01; Harris County; Texas,48,201,333501
2764,Census Tract 3335.02; Harris County; Texas,48,201,333502
3673,Census Tract 3336; Harris County; Texas,48,201,333600
3620,Census Tract 3337; Harris County; Texas,48,201,333700
5064,Census Tract 3338.01; Harris County; Texas,48,201,333801
6116,Census Tract 3338.02; Harris County; Texas,48,201,333802
3554,Census Tract 3339.03; Harris County; Texas,48,201,333903
6995,Census Tract 3339.04; Harris County; Texas,48,201,333904
3264,Census Tract 3339.05; Harris County; Texas,48,201,333905
5677,Census Tract 3339.06; Harris County; Texas,48,201,333906
3413,Census Tract 3340.01; Harris County; Texas,48,201,334001
2276,Census Tract 3340.02; Harris County; Texas,48,201,334002
5578,Census Tract 3340.03; Harris County; Texas,48,201,334003
9367,Census Tract 3341.01; Harris County; Texas,48,201,334101
6550,Census Tract 3341.02; Harris County; Texas,48,201,334102
1275,Census Tract 3401.01; Harris County; Texas,48,201,340101
5507,Census Tract 3401.02; Harris County; Texas,48,201,340102
0,Census Tract 3402.01; Harris County; Texas,48,201,340201
8375,Census Tract 3402.02; Harris County; Texas,48,201,340202
4534,Census Tract 3402.03; Harris County; Texas,48,201,340203
3336,Census Tract 3403.01; Harris County; Texas,48,201,340301
6607,Census Tract 3403.02; Harris County; Texas,48,201,340302
1079,Census Tract 3404; Harris County; Texas,48,201,340400
3948,Census Tract 3405.01; Harris County; Texas,48,201,340501
2228,Census Tract 3405.02; Harris County; Texas,48,201,340502
2522,Census Tract 3406; Harris County; Texas,48,201,340600
4172,Census Tract 3407.01; Harris County; Texas,48,201,340701
3436,Census Tract 3407.02; Harris County; Texas,48,201,340702
5436,Census Tract 3408; Harris County; Texas,48,201,340800
5198,Census Tract 3409; Harris County; Texas,48,201,340900
4056,Census Tract 3410.01; Harris County; Texas,48,201,341001
4022,Census Tract 3410.02; Harris County; Texas,48,201,341002
1961,Census Tract 3411.01; Harris County; Texas,48,201,341101
2271,Census Tract 3411.02; Harris County; Texas,48,201,341102
4840,Census Tract 3412.01; Harris County; Texas,48,201,341201
2653,Census Tract 3412.03; Harris County; Texas,48,201,341203
3470,Census Tract 3412.04; Harris County; Texas,48,201,341204
3305,Census Tract 3413.02; Harris County; Texas,48,201,341302
2952,Census Tract 3413.03; Harris County; Texas,48,201,341303
1484,Census Tract 3413.04; Harris County; Texas,48,201,341304
5873,Census Tract 3414; Harris County; Texas,48,201,341400
6414,Census Tract 3415.01; Harris County; Texas,48,201,341501
4321,Census Tract 3415.02; Harris County; Texas,48,201,341502
7194,Census Tract 3416; Harris County; Texas,48,201,341600
3205,Census Tract 3417; Harris County; Texas,48,201,341700
2187,Census Tract 3418; Harris County; Texas,48,201,341800
6404,Census Tract 3420.01; Harris County; Texas,48,201,342001
4074,Census Tract 3420.02; Harris County; Texas,48,201,342002
4375,Census Tract 3421; Harris County; Texas,48,201,342100
3998,Census Tract 3422; Harris County; Texas,48,201,342200
7954,Census Tract 3423; Harris County; Texas,48,201,342300
3599,Census Tract 3424; Harris County; Texas,48,201,342400
5973,Census Tract 3425; Harris County; Texas,48,201,342500
4699,Census Tract 3427; Harris County; Texas,48,201,342700
5172,Census Tract 3428.01; Harris County; Texas,48,201,342801
3116,Census Tract 3428.02; Harris County; Texas,48,201,342802
7306,Census Tract 3429; Harris County; Texas,48,201,342900
7663,Census Tract 3430; Harris County; Texas,48,201,343000
4058,Census Tract 3431; Harris County; Texas,48,201,343100
4740,Census Tract 3432; Harris County; Texas,48,201,343200
5023,Census Tract 3433.01; Harris County; Texas,48,201,343301
4649,Census Tract 3433.02; Harris County; Texas,48,201,343302
1,Census Tract 3436.01; Harris County; Texas,48,201,343601
2776,Census Tract 3436.02; Harris County; Texas,48,201,343602
4005,Census Tract 3437; Harris County; Texas,48,201,343700
5010,Census Tract 3501.01; Harris County; Texas,48,201,350101
4933,Census Tract 3501.02; Harris County; Texas,48,201,350102
7685,Census Tract 3501.03; Harris County; Texas,48,201,350103
4654,Census Tract 3501.04; Harris County; Texas,48,201,350104
3776,Census Tract 3502.01; Harris County; Texas,48,201,350201
4854,Census Tract 3502.02; Harris County; Texas,48,201,350202
6299,Census Tract 3503; Harris County; Texas,48,201,350300
6682,Census Tract 3504; Harris County; Texas,48,201,350400
6767,Census Tract 3505; Harris County; Texas,48,201,350500
4329,Census Tract 3506.01; Harris County; Texas,48,201,350601
4509,Census Tract 3506.03; Harris County; Texas,48,201,350603
3306,Census Tract 3506.04; Harris County; Texas,48,201,350604
2230,Census Tract 3507; Harris County; Texas,48,201,350700
5212,Census Tract 3508.01; Harris County; Texas,48,201,350801
2998,Census Tract 3508.03; Harris County; Texas,48,201,350803
6310,Census Tract 3508.04; Harris County; Texas,48,201,350804
1963,Census Tract 4101.01; Harris County; Texas,48,201,410101
3980,Census Tract 4101.02; Harris County; Texas,48,201,410102
1928,Census Tract 4102.01; Harris County; Texas,48,201,410201
3753,Census Tract 4102.02; Harris County; Texas,48,201,410202
3552,Census Tract 4103; Harris County; Texas,48,201,410300
3600,Census Tract 4104.01; Harris County; Texas,48,201,410401
2931,Census Tract 4104.02; Harris County; Texas,48,201,410402
1696,Census Tract 4105.01; Harris County; Texas,48,201,410501
3067,Census Tract 4105.02; Harris County; Texas,48,201,410502
3928,Census Tract 4106.01; Harris County; Texas,48,201,410601
2508,Census Tract 4106.02; Harris County; Texas,48,201,410602
2451,Census Tract 4107.03; Harris County; Texas,48,201,410703
1869,Census Tract 4107.04; Harris County; Texas,48,201,410704
1103,Census Tract 4107.05; Harris County; Texas,48,201,410705
1703,Census Tract 4107.06; Harris County; Texas,48,201,410706
2305,Census Tract 4108.01; Harris County; Texas,48,201,410801
1466,Census Tract 4108.02; Harris County; Texas,48,201,410802
3238,Census Tract 4109; Harris County; Texas,48,201,410900
2215,Census Tract 4110.01; Harris County; Texas,48,201,411001
1983,Census Tract 4110.02; Harris County; Texas,48,201,411002
1694,Census Tract 4110.03; Harris County; Texas,48,201,411003
3669,Census Tract 4111; Harris County; Texas,48,201,411100
1662,Census Tract 4112; Harris County; Texas,48,201,411200
2097,Census Tract 4113.01; Harris County; Texas,48,201,411301
2426,Census Tract 4113.02; Harris County; Texas,48,201,411302
2719,Census Tract 4114; Harris County; Texas,48,201,411400
3235,Census Tract 4115.03; Harris County; Texas,48,201,411503
2178,Census Tract 4115.04; Harris County; Texas,48,201,411504
3152,Census Tract 4115.05; Harris County; Texas,48,201,411505
2837,Census Tract 4115.06; Harris County; Texas,48,201,411506
2068,Census Tract 4115.07; Harris County; Texas,48,201,411507
2758,Census Tract 4116; Harris County; Texas,48,201,411600
3150,Census Tract 4117; Harris County; Texas,48,201,411700
3686,Census Tract 4118.01; Harris County; Texas,48,201,411801
2161,Census Tract 4118.02; Harris County; Texas,48,201,411802
1978,Census Tract 4119.01; Harris County; Texas,48,201,411901
2035,Census Tract 4119.02; Harris County; Texas,48,201,411902
3918,Census Tract 4120; Harris County; Texas,48,201,412000
2247,Census Tract 4122.01; Harris County; Texas,48,201,412201
3768,Census Tract 4122.02; Harris County; Texas,48,201,412202
6919,Census Tract 4123; Harris County; Texas,48,201,412300
4481,Census Tract 4124; Harris County; Texas,48,201,412400
1535,Census Tract 4125; Harris County; Texas,48,201,412500
3657,Census Tract 4126; Harris County; Texas,48,201,412600
3178,Census Tract 4127; Harris County; Texas,48,201,412700
5147,Census Tract 4128; Harris County; Texas,48,201,412800
1914,Census Tract 4129.01; Harris County; Texas,48,201,412901
2671,Census Tract 4129.02; Harris County; Texas,48,201,412902
3457,Census Tract 4130; Harris County; Texas,48,201,413000
3099,Census Tract 4131; Harris County; Texas,48,201,413100
2017,Census Tract 4132.03; Harris County; Texas,48,201,413203
964,Census Tract 4132.04; Harris County; Texas,48,201,413204
1566,Census Tract 4132.05; Harris County; Texas,48,201,413205
2521,Census Tract 4132.06; Harris County; Texas,48,201,413206
5057,Census Tract 4133.01; Harris County; Texas,48,201,413301
3717,Census Tract 4133.02; Harris County; Texas,48,201,413302
2776,Census Tract 4201; Harris County; Texas,48,201,420100
2424,Census Tract 4202; Harris County; Texas,48,201,420200
3490,Census Tract 4203; Harris County; Texas,48,201,420300
3187,Census Tract 4204; Harris County; Texas,48,201,420400
3529,Census Tract 4205; Harris County; Texas,48,201,420500
2409,Census Tract 4206; Harris County; Texas,48,201,420600
2488,Census Tract 4207; Harris County; Texas,48,201,420700
2515,Census Tract 4208; Harris County; Texas,48,201,420800
6147,Census Tract 4209; Harris County; Texas,48,201,420900
2761,Census Tract 4210; Harris County; Texas,48,201,421000
2644,Census Tract 4211.01; Harris County; Texas,48,201,421101
1511,Census Tract 4211.03; Harris County; Texas,48,201,421103
4088,Census Tract 4211.04; Harris County; Texas,48,201,421104
2451,Census Tract 4212.03; Harris County; Texas,48,201,421203
3857,Census Tract 4212.04; Harris County; Texas,48,201,421204
2877,Census Tract 4212.05; Harris County; Texas,48,201,421205
2306,Census Tract 4212.06; Harris County; Texas,48,201,421206
3245,Census Tract 4213.01; Harris County; Texas,48,201,421301
5915,Census Tract 4213.02; Harris County; Texas,48,201,421302
3895,Census Tract 4214.01; Harris County; Texas,48,201,421401
3864,Census Tract 4214.02; Harris County; Texas,48,201,421402
4793,Census Tract 4214.03; Harris County; Texas,48,201,421403
4570,Census Tract 4215.01; Harris County; Texas,48,201,421501
2806,Census Tract 4215.02; Harris County; Texas,48,201,421502
2995,Census Tract 4216.01; Harris County; Texas,48,201,421601
3350,Census Tract 4216.02; Harris County; Texas,48,201,421602
4873,Census Tract 4217; Harris County; Texas,48,201,421700
1907,Census Tract 4218.01; Harris County; Texas,48,201,421801
2063,Census Tract 4218.02; Harris County; Texas,48,201,421802
2833,Census Tract 4219; Harris County; Texas,48,201,421900
2235,Census Tract 4220; Harris County; Texas,48,201,422000
5443,Census Tract 4221; Harris County; Texas,48,201,422100
5732,Census Tract 4222; Harris County; Texas,48,201,422200
1936,Census Tract 4223.02; Harris County; Texas,48,201,422302
2651,Census Tract 4223.03; Harris County; Texas,48,201,422303
3813,Census Tract 4223.04; Harris County; Texas,48,201,422304
2599,Census Tract 4224.03; Harris County; Texas,48,201,422403
2494,Census Tract 4224.04; Harris County; Texas,48,201,422404
1647,Census Tract 4224.05; Harris County; Texas,48,201,422405
2752,Census Tract 4224.06; Harris County; Texas,48,201,422406
3333,Census Tract 4225.01; Harris County; Texas,48,201,422501
3487,Census Tract 4225.02; Harris County; Texas,48,201,422502
3533,Census Tract 4226.01; Harris County; Texas,48,201,422601
2317,Census Tract 4226.02; Harris County; Texas,48,201,422602
5120,Census Tract 4227.01; Harris County; Texas,48,201,422701
3088,Census Tract 4227.02; Harris County; Texas,48,201,422702
5360,Census Tract 4228; Harris County; Texas,48,201,422800
3256,Census Tract 4229; Harris County; Texas,48,201,422900
3253,Census Tract 4230.01; Harris County; Texas,48,201,423001
2854,Census Tract 4230.02; Harris County; Texas,48,201,423002
2705,Census Tract 4231; Harris County; Texas,48,201,423100
2957,Census Tract 4232.01; Harris County; Texas,48,201,423201
2145,Census Tract 4232.03; Harris County; Texas,48,201,423203
4402,Census Tract 4232.04; Harris County; Texas,48,201,423204
4738,Census Tract 4233.01; Harris County; Texas,48,201,423301
1330,Census Tract 4233.03; Harris County; Texas,48,201,423303
3557,Census Tract 4233.04; Harris County; Texas,48,201,423304
5196,Census Tract 4234.01; Harris County; Texas,48,201,423401
4587,Census Tract 4234.02; Harris County; Texas,48,201,423402
2163,Census Tract 4235; Harris County; Texas,48,201,423500
6950,Census Tract 4236; Harris County; Texas,48,201,423600
3214,Census Tract 4301.01; Harris County; Texas,48,201,430101
2512,Census Tract 4301.02; Harris County; Texas,48,201,430102
1475,Census Tract 4302; Harris County; Texas,48,201,430200
4383,Census Tract 4303; Harris County; Texas,48,201,430300
3114,Census Tract 4304; Harris County; Texas,48,201,430400
2320,Census Tract 4305; Harris County; Texas,48,201,430500
3834,Census Tract 4306; Harris County; Texas,48,201,430600
3919,Census Tract 4307; Harris County; Texas,48,201,430700
6552,Census Tract 4308; Harris County; Texas,48,201,430800
5264,Census Tract 4309; Harris County; Texas,48,201,430900
2291,Census Tract 4310.01; Harris County; Texas,48,201,431001
3046,Census Tract 4310.02; Harris County; Texas,48,201,431002
4952,Census Tract 4311.01; Harris County; Texas,48,201,431101
4309,Census Tract 4311.02; Harris County; Texas,48,201,431102
2387,Census Tract 4312.03; Harris County; Texas,48,201,431203
2853,Census Tract 4312.04; Harris County; Texas,48,201,431204
2617,Census Tract 4312.05; Harris County; Texas,48,201,431205
1862,Census Tract 4312.06; Harris County; Texas,48,201,431206
4834,Census Tract 4313.02; Harris County; Texas,48,201,431302
1274,Census Tract 4313.03; Harris County; Texas,48,201,431303
3247,Census Tract 4313.04; Harris County; Texas,48,201,431304
2437,Census Tract 4314.01; Harris County; Texas,48,201,431401
1840,Census Tract 4314.03; Harris County; Texas,48,201,431403
2146,Census Tract 4314.04; Harris County; Texas,48,201,431404
2340,Census Tract 4315.03; Harris County; Texas,48,201,431503
2372,Census Tract 4315.04; Harris County; Texas,48,201,431504
1316,Census Tract 4315.05; Harris County; Texas,48,201,431505
2738,Census Tract 4315.06; Harris County; Texas,48,201,431506
3324,Census Tract 4316; Harris County; Texas,48,201,431600
1895,Census Tract 4317.01; Harris County; Texas,48,201,431701
2669,Census Tract 4317.02; Harris County; Texas,48,201,431702
3465,Census Tract 4318.01; Harris County; Texas,48,201,431801
2298,Census Tract 4318.03; Harris County; Texas,48,201,431803
2011,Census Tract 4318.04; Harris County; Texas,48,201,431804
2526,Census Tract 4319.01; Harris County; Texas,48,201,431901
2810,Census Tract 4319.02; Harris County; Texas,48,201,431902
1712,Census Tract 4320.03; Harris County; Texas,48,201,432003
2128,Census Tract 4320.04; Harris County; Texas,48,201,432004
3549,Census Tract 4320.05; Harris County; Texas,48,201,432005
2079,Census Tract 4320.06; Harris County; Texas,48,201,432006
2951,Census Tract 4321.01; Harris County; Texas,48,201,432101
4243,Census Tract 4321.02; Harris County; Texas,48,201,432102
3600,Census Tract 4322; Harris County; Texas,48,201,432200
3614,Census Tract 4323.01; Harris County; Texas,48,201,432301
1948,Census Tract 4323.02; Harris County; Texas,48,201,432302
2268,Census Tract 4323.03; Harris County; Texas,48,201,432303
4411,Census Tract 4324.01; Harris County; Texas,48,201,432401
2821,Census Tract 4324.02; Harris County; Texas,48,201,432402
3200,Census Tract 4325.01; Harris County; Texas,48,201,432501
1660,Census Tract 4325.02; Harris County; Texas,48,201,432502
2062,Census Tract 4326; Harris County; Texas,48,201,432600
1989,Census Tract 4327.03; Harris County; Texas,48,201,432703
1711,Census Tract 4327.04; Harris County; Texas,48,201,432704
5562,Census Tract 4327.05; Harris County; Texas,48,201,432705
1596,Census Tract 4327.06; Harris County; Texas,48,201,432706
2743,Census Tract 4328.03; Harris County; Texas,48,201,432803
1873,Census Tract 4328.04; Harris County; Texas,48,201,432804
2402,Census Tract 4328.05; Harris County; Texas,48,201,432805
4827,Census Tract 4328.06; Harris County; Texas,48,201,432806
3578,Census Tract 4329.01; Harris County; Texas,48,201,432901
1959,Census Tract 4329.03; Harris County; Texas,48,201,432903
3688,Census Tract 4329.04; Harris County; Texas,48,201,432904
5634,Census Tract 4330.03; Harris County; Texas,48,201,433003
2322,Census Tract 4330.04; Harris County; Texas,48,201,433004
2068,Census Tract 4330.05; Harris County; Texas,48,201,433005
2212,Census Tract 4330.06; Harris County; Texas,48,201,433006
1595,Census Tract 4330.07; Harris County; Texas,48,201,433007
3307,Census Tract 4331; Harris County; Texas,48,201,433100
4241,Census Tract 4332.01; Harris County; Texas,48,201,433201
3573,Census Tract 4332.02; Harris County; Texas,48,201,433202
4842,Census Tract 4333; Harris County; Texas,48,201,433300
4462,Census Tract 4334; Harris County; Texas,48,201,433400
2597,Census Tract 4335.03; Harris County; Texas,48,201,433503
3094,Census Tract 4335.04; Harris County; Texas,48,201,433504
2067,Census Tract 4335.05; Harris County; Texas,48,201,433505
2202,Census Tract 4335.06; Harris County; Texas,48,201,433506
2941,Census Tract 4335.07; Harris County; Texas,48,201,433507
2556,Census Tract 4336.01; Harris County; Texas,48,201,433601
4219,Census Tract 4336.02; Harris County; Texas,48,201,433602
2932,Census Tract 4401.01; Harris County; Texas,48,201,440101
4683,Census Tract 4401.02; Harris County; Texas,48,201,440102
2009,Census Tract 4501; Harris County; Texas,48,201,450100
5864,Census Tract 4502; Harris County; Texas,48,201,450200
2467,Census Tract 4503.01; Harris County; Texas,48,201,450301
5990,Census Tract 4503.02; Harris County; Texas,48,201,450302
1656,Census Tract 4504.01; Harris County; Texas,48,201,450401
2040,Census Tract 4504.02; Harris County; Texas,48,201,450402
2993,Census Tract 4505; Harris County; Texas,48,201,450500
4943,Census Tract 4506; Harris County; Texas,48,201,450600
6347,Census Tract 4507; Harris County; Texas,48,201,450700
1724,Census Tract 4508.01; Harris County; Texas,48,201,450801
5224,Census Tract 4508.03; Harris County; Texas,48,201,450803
1878,Census Tract 4508.04; Harris County; Texas,48,201,450804
3034,Census Tract 4509; Harris County; Texas,48,201,450900
4384,Census Tract 4510.03; Harris County; Texas,48,201,451003
2313,Census Tract 4510.04; Harris County; Texas,48,201,451004
2393,Census Tract 4510.05; Harris County; Texas,48,201,451005
2390,Census Tract 4510.06; Harris County; Texas,48,201,451006
4479,Census Tract 4511; Harris County; Texas,48,201,451100
2511,Census Tract 4512; Harris County; Texas,48,201,451200
4012,Census Tract 4513.01; Harris County; Texas,48,201,451301
3486,Census Tract 4513.02; Harris County; Texas,48,201,451302
3547,Census Tract 4514.01; Harris County; Texas,48,201,451401
4078,Census Tract 4514.04; Harris County; Texas,48,201,451404
2600,Census Tract 4514.05; Harris County; Texas,48,201,451405
2377,Census Tract 4514.06; Harris County; Texas,48,201,451406
1460,Census Tract 4514.07; Harris County; Texas,48,201,451407
3473,Census Tract 4515.01; Harris County; Texas,48,201,451501
2260,Census Tract 4515.02; Harris County; Texas,48,201,451502
3685,Census Tract 4516.03; Harris County; Texas,48,201,451603
3614,Census Tract 4516.04; Harris County; Texas,48,201,451604
3291,Census Tract 4516.05; Harris County; Texas,48,201,451605
6517,Census Tract 4516.06; Harris County; Texas,48,201,451606
4429,Census Tract 4517; Harris County; Texas,48,201,451700
5740,Census Tract 4518; Harris County; Texas,48,201,451800
2643,Census Tract 4519.02; Harris County; Texas,48,201,451902
3299,Census Tract 4519.03; Harris County; Texas,48,201,451903
3451,Census Tract 4519.04; Harris County; Texas,48,201,451904
4873,Census Tract 4520.01; Harris County; Texas,48,201,452001
3282,Census Tract 4520.02; Harris County; Texas,48,201,452002
6143,Census Tract 4521.01; Harris County; Texas,48,201,452101
2007,Census Tract 4521.02; Harris County; Texas,48,201,452102
1688,Census Tract 4521.03; Harris County; Texas,48,201,452103
3557,Census Tract 4522.02; Harris County; Texas,48,201,452202
3072,Census Tract 4522.03; Harris County; Texas,48,201,452203
2309,Census Tract 4522.04; Harris County; Texas,48,201,452204
2443,Census Tract 4523; Harris County; Texas,48,201,452300
3393,Census Tract 4524.01; Harris County; Texas,48,201,452401
3896,Census Tract 4524.02; Harris County; Texas,48,201,452402
2578,Census Tract 4525.01; Harris County; Texas,48,201,452501
4608,Census Tract 4525.02; Harris County; Texas,48,201,452502
5799,Census Tract 4526.01; Harris County; Texas,48,201,452601
3475,Census Tract 4526.02; Harris County; Texas,48,201,452602
4380,Census Tract 4527.01; Harris County; Texas,48,201,452701
4341,Census Tract 4527.02; Harris County; Texas,48,201,452702
3294,Census Tract 4527.03; Harris County; Texas,48,201,452703
5614,Census Tract 4528.01; Harris County; Texas,48,201,452801
6886,Census Tract 4528.02; Harris County; Texas,48,201,452802
4832,Census Tract 4529; Harris County; Texas,48,201,452900
3237,Census Tract 4530.01; Harris County; Texas,48,201,453001
5690,Census Tract 4530.02; Harris County; Texas,48,201,453002
4081,Census Tract 4531; Harris County; Texas,48,201,453100
4248,Census Tract 4532.01; Harris County; Texas,48,201,453201
4800,Census Tract 4532.02; Harris County; Texas,48,201,453202
4855,Census Tract 4533; Harris County; Texas,48,201,453300
2655,Census Tract 4534.01; Harris County; Texas,48,201,453401
4096,Census Tract 4534.03; Harris County; Texas,48,201,453403
3943,Census Tract 4534.04; Harris County; Texas,48,201,453404
3623,Census Tract 4534.05; Harris County; Texas,48,201,453405
6336,Census Tract 4535.01; Harris County; Texas,48,201,453501
3592,Census Tract 4535.02; Harris County; Texas,48,201,453502
1763,Census Tract 4536.01; Harris County; Texas,48,201,453601
3726,Census Tract 4536.03; Harris County; Texas,48,201,453603
4130,Census Tract 4536.04; Harris County; Texas,48,201,453604
4939,Census Tract 4537.01; Harris County; Texas,48,201,453701
4712,Census Tract 4537.02; Harris County; Texas,48,201,453702
3577,Census Tract 4538; Harris County; Texas,48,201,453800
5485,Census Tract 4539.01; Harris County; Texas,48,201,453901
3924,Census Tract 4539.02; Harris County; Texas,48,201,453902
4529,Census Tract 4540; Harris County; Texas,48,201,454000
3761,Census Tract 4541; Harris County; Texas,48,201,454100
4413,Census Tract 4542; Harris County; Texas,48,201,454200
6064,Census Tract 4543.02; Harris County; Texas,48,201,454302
3796,Census Tract 4543.03; Harris County; Texas,48,201,454303
5597,Census Tract 4543.04; Harris County; Texas,48,201,454304
3260,Census Tract 4543.05; Harris County; Texas,48,201,454305
1081,Census Tract 4544; Harris County; Texas,48,201,454400
2202,Census Tract 4545.02; Harris County; Texas,48,201,454502
2875,Census Tract 4545.03; Harris County; Texas,48,201,454503
5015,Census Tract 4545.04; Harris County; Texas,48,201,454504
2733,Census Tract 4545.05; Harris County; Texas,48,201,454505
5683,Census Tract 4546; Harris County; Texas,48,201,454600
6973,Census Tract 4547; Harris County; Texas,48,201,454700
4201,Census Tract 4548.01; Harris County; Texas,48,201,454801
4697,Census Tract 4548.02; Harris County; Texas,48,201,454802
2607,Census Tract 4549.01; Harris County; Texas,48,201,454901
8533,Census Tract 4549.02; Harris County; Texas,48,201,454902
3529,Census Tract 4550; Harris County; Texas,48,201,455000
2825,Census Tract 4551.02; Harris County; Texas,48,201,455102
4064,Census Tract 4551.03; Harris County; Texas,48,201,455103
3176,Census Tract 4551.04; Harris County; Texas,48,201,455104
4268,Census Tract 4552; Harris County; Texas,48,201,455200
14668,Census Tract 4553; Harris County; Texas,48,201,455300
2794,Census Tract 5101; Harris County; Texas,48,201,510100
2331,Census Tract 5102.01; Harris County; Texas,48,201,510201
5263,Census Tract 5102.02; Harris County; Texas,48,201,510202
3467,Census Tract 5103.01; Harris County; Texas,48,201,510301
3179,Census Tract 5103.02; Harris County; Texas,48,201,510302
3769,Census Tract 5104; Harris County; Texas,48,201,510400
4389,Census Tract 5105; Harris County; Texas,48,201,510500
3439,Census Tract 5106.01; Harris County; Texas,48,201,510601
4233,Census Tract 5106.02; Harris County; Texas,48,201,510602
2265,Census Tract 5107.01; Harris County; Texas,48,201,510701
2039,Census Tract 5107.02; Harris County; Texas,48,201,510702
4110,Census Tract 5108.01; Harris County; Texas,48,201,510801
2408,Census Tract 5108.02; Harris County; Texas,48,201,510802
2230,Census Tract 5108.03; Harris County; Texas,48,201,510803
5608,Census Tract 5109.01; Harris County; Texas,48,201,510901
4277,Census Tract 5109.02; Harris County; Texas,48,201,510902
3041,Census Tract 5110.01; Harris County; Texas,48,201,511001
2333,Census Tract 5110.03; Harris County; Texas,48,201,511003
1988,Census Tract 5110.04; Harris County; Texas,48,201,511004
4105,Census Tract 5111; Harris County; Texas,48,201,511100
2857,Census Tract 5112.01; Harris County; Texas,48,201,511201
3399,Census Tract 5112.02; Harris County; Texas,48,201,511202
4616,Census Tract 5113.01; Harris County; Texas,48,201,511301
4422,Census Tract 5113.02; Harris County; Texas,48,201,511302
2739,Census Tract 5114; Harris County; Texas,48,201,511400
3309,Census Tract 5115.01; Harris County; Texas,48,201,511501
5541,Census Tract 5115.02; Harris County; Texas,48,201,511502
3554,Census Tract 5116; Harris County; Texas,48,201,511600
2719,Census Tract 5201; Harris County; Texas,48,201,520100
3095,Census Tract 5202; Harris County; Texas,48,201,520200
2208,Census Tract 5203.01; Harris County; Texas,48,201,520301
2624,Census Tract 5203.02; Harris County; Texas,48,201,520302
3792,Census Tract 5204; Harris County; Texas,48,201,520400
3609,Census Tract 5205.01; Harris County; Texas,48,201,520501
4631,Census Tract 5205.02; Harris County; Texas,48,201,520502
2706,Census Tract 5206.01; Harris County; Texas,48,201,520601
1944,Census Tract 5206.03; Harris County; Texas,48,201,520603
3057,Census Tract 5206.04; Harris County; Texas,48,201,520604
4485,Census Tract 5207; Harris County; Texas,48,201,520700
2293,Census Tract 5210; Harris County; Texas,48,201,521000
2650,Census Tract 5211; Harris County; Texas,48,201,521100
1962,Census Tract 5212.01; Harris County; Texas,48,201,521201
3275,Census Tract 5212.02; Harris County; Texas,48,201,521202
6265,Census Tract 5213; Harris County; Texas,48,201,521300
4060,Census Tract 5214.01; Harris County; Texas,48,201,521401
3523,Census Tract 5214.02; Harris County; Texas,48,201,521402
2684,Census Tract 5215.01; Harris County; Texas,48,201,521501
2893,Census Tract 5215.02; Harris County; Texas,48,201,521502
3060,Census Tract 5216; Harris County; Texas,48,201,521600
5219,Census Tract 5217.01; Harris County; Texas,48,201,521701
2997,Census Tract 5217.02; Harris County; Texas,48,201,521702
4975,Census Tract 5218; Harris County; Texas,48,201,521800
6645,Census Tract 5219; Harris County; Texas,48,201,521900
1806,Census Tract 5220.01; Harris County; Texas,48,201,522001
2825,Census Tract 5220.02; Harris County; Texas,48,201,522002
3435,Census Tract 5221.01; Harris County; Texas,48,201,522101
4959,Census Tract 5221.02; Harris County; Texas,48,201,522102
4629,Census Tract 5222.01; Harris County; Texas,48,201,522201
4193,Census Tract 5222.02; Harris County; Texas,48,201,522202
4084,Census Tract 5223.01; Harris County; Texas,48,201,522301
3607,Census Tract 5223.02; Harris County; Texas,48,201,522302
5553,Census Tract 5224.01; Harris County; Texas,48,201,522401
3711,Census Tract 5224.02; Harris County; Texas,48,201,522402
5321,Census Tract 5225; Harris County; Texas,48,201,522500
3835,Census Tract 5301.01; Harris County; Texas,48,201,530101
3029,Census Tract 5301.02; Harris County; Texas,48,201,530102
3707,Census Tract 5302; Harris County; Texas,48,201,530200
2605,Census Tract 5303; Harris County; Texas,48,201,530300
3330,Census Tract 5304; Harris County; Texas,48,201,530400
1706,Census Tract 5305.01; Harris County; Texas,48,201,530501
2412,Census Tract 5305.02; Harris County; Texas,48,201,530502
2812,Census Tract 5306; Harris County; Texas,48,201,530600
1466,Census Tract 5307.01; Harris County; Texas,48,201,530701
3778,Census Tract 5307.02; Harris County; Texas,48,201,530702
4133,Census Tract 5308; Harris County; Texas,48,201,530800
4464,Census Tract 5309; Harris County; Texas,48,201,530900
4672,Census Tract 5310; Harris County; Texas,48,201,531000
3507,Census Tract 5311; Harris County; Texas,48,201,531100
3375,Census Tract 5312; Harris County; Texas,48,201,531200
5233,Census Tract 5313; Harris County; Texas,48,201,531300
2113,Census Tract 5314; Harris County; Texas,48,201,531400
2638,Census Tract 5315; Harris County; Texas,48,201,531500
2639,Census Tract 5316; Harris County; Texas,48,201,531600
3934,Census Tract 5317; Harris County; Texas,48,201,531700
3122,Census Tract 5318; Harris County; Texas,48,201,531800
5624,Census Tract 5319; Harris County; Texas,48,201,531900
4460,Census Tract 5320.03; Harris County; Texas,48,201,532003
4803,Census Tract 5320.04; Harris County; Texas,48,201,532004
4283,Census Tract 5321.01; Harris County; Texas,48,201,532101
3331,Census Tract 5321.02; Harris County; Texas,48,201,532102
3794,Census Tract 5322; Harris County; Texas,48,201,532200
4674,Census Tract 5323.01; Harris County; Texas,48,201,532301
3735,Census Tract 5323.02; Harris County; Texas,48,201,532302
6207,Census Tract 5324; Harris County; Texas,48,201,532400
5540,Census Tract 5325.02; Harris County; Texas,48,201,532502
5734,Census Tract 5325.03; Harris County; Texas,48,201,532503
4335,Census Tract 5325.04; Harris County; Texas,48,201,532504
7030,Census Tract 5326; Harris County; Texas,48,201,532600
5685,Census Tract 5327; Harris County; Texas,48,201,532700
2120,Census Tract 5328; Harris County; Texas,48,201,532800
4722,Census Tract 5329; Harris County; Texas,48,201,532900
2450,Census Tract 5330; Harris County; Texas,48,201,533000
6308,Census Tract 5331; Harris County; Texas,48,201,533100
4498,Census Tract 5332; Harris County; Texas,48,201,533200
2922,Census Tract 5333.01; Harris County; Texas,48,201,533301
3657,Census Tract 5333.02; Harris County; Texas,48,201,533302
4774,Census Tract 5334.01; Harris County; Texas,48,201,533401
5535,Census Tract 5334.02; Harris County; Texas,48,201,533402
4206,Census Tract 5335; Harris County; Texas,48,201,533500
5179,Census Tract 5336; Harris County; Texas,48,201,533600
6682,Census Tract 5337.01; Harris County; Texas,48,201,533701
3488,Census Tract 5337.02; Harris County; Texas,48,201,533702
7944,Census Tract 5338.02; Harris County; Texas,48,201,533802
6602,Census Tract 5338.03; Harris County; Texas,48,201,533803
6649,Census Tract 5338.04; Harris County; Texas,48,201,533804
5161,Census Tract 5339.02; Harris County; Texas,48,201,533902
4375,Census Tract 5339.03; Harris County; Texas,48,201,533903
4488,Census Tract 5339.04; Harris County; Texas,48,201,533904
3465,Census Tract 5340.01; Harris County; Texas,48,201,534001
5268,Census Tract 5340.02; Harris County; Texas,48,201,534002
2421,Census Tract 5340.03; Harris County; Texas,48,201,534003
2911,Census Tract 5341.01; Harris County; Texas,48,201,534101
4390,Census Tract 5341.02; Harris County; Texas,48,201,534102
3465,Census Tract 5342.01; Harris County; Texas,48,201,534201
2271,Census Tract 5342.03; Harris County; Texas,48,201,534203
4246,Census Tract 5342.04; Harris County; Texas,48,201,534204
4140,Census Tract 5342.05; Harris County; Texas,48,201,534205
6140,Census Tract 5401.01; Harris County; Texas,48,201,540101
5985,Census Tract 5401.02; Harris County; Texas,48,201,540102
1893,Census Tract 5402; Harris County; Texas,48,201,540200
4682,Census Tract 5405.02; Harris County; Texas,48,201,540502
4160,Census Tract 5405.03; Harris County; Texas,48,201,540503
3240,Census Tract 5405.04; Harris County; Texas,48,201,540504
4042,Census Tract 5406.01; Harris County; Texas,48,201,540601
7731,Census Tract 5406.02; Harris County; Texas,48,201,540602
5145,Census Tract 5407; Harris County; Texas,48,201,540700
6461,Census Tract 5408; Harris County; Texas,48,201,540800
2962,Census Tract 5409.01; Harris County; Texas,48,201,540901
3780,Census Tract 5409.03; Harris County; Texas,48,201,540903
4790,Census Tract 5409.04; Harris County; Texas,48,201,540904
5456,Census Tract 5410.04; Harris County; Texas,48,201,541004
4405,Census Tract 5410.05; Harris County; Texas,48,201,541005
7014,Census Tract 5410.06; Harris County; Texas,48,201,541006
6825,Census Tract 5410.07; Harris County; Texas,48,201,541007
2579,Census Tract 5410.08; Harris County; Texas,48,201,541008
4603,Census Tract 5410.09; Harris County; Texas,48,201,541009
7920,Census Tract 5411; Harris County; Texas,48,201,541100
2460,Census Tract 5412.03; Harris County; Texas,48,201,541203
5805,Census Tract 5412.04; Harris County; Texas,48,201,541204
3506,Census Tract 5412.05; Harris County; Texas,48,201,541205
4879,Census Tract 5412.06; Harris County; Texas,48,201,541206
4288,Census Tract 5412.07; Harris County; Texas,48,201,541207
5567,Census Tract 5413.01; Harris County; Texas,48,201,541301
7836,Census Tract 5413.02; Harris County; Texas,48,201,541302
4604,Census Tract 5414.01; Harris County; Texas,48,201,541401
2821,Census Tract 5414.02; Harris County; Texas,48,201,541402
3247,Census Tract 5414.03; Harris County; Texas,48,201,541403
3033,Census Tract 5414.04; Harris County; Texas,48,201,541404
5744,Census Tract 5415; Harris County; Texas,48,201,541500
7808,Census Tract 5416.03; Harris County; Texas,48,201,541603
9967,Census Tract 5416.04; Harris County; Texas,48,201,541604
6652,Census Tract 5417.01; Harris County; Texas,48,201,541701
2556,Census Tract 5417.02; Harris County; Texas,48,201,541702
3016,Census Tract 5417.03; Harris County; Texas,48,201,541703
3301,Census Tract 5418.01; Harris County; Texas,48,201,541801
3818,Census Tract 5418.02; Harris County; Texas,48,201,541802
2892,Census Tract 5419.01; Harris County; Texas,48,201,541901
4567,Census Tract 5419.02; Harris County; Texas,48,201,541902
4528,Census Tract 5420.01; Harris County; Texas,48,201,542001
2241,Census Tract 5420.02; Harris County; Texas,48,201,542002
3779,Census Tract 5420.03; Harris County; Texas,48,201,542003
3328,Census Tract 5420.04; Harris County; Texas,48,201,542004
9086,Census Tract 5421.03; Harris County; Texas,48,201,542103
8007,Census Tract 5421.04; Harris County; Texas,48,201,542104
8418,Census Tract 5421.05; Harris County; Texas,48,201,542105
8350,Census Tract 5421.06; Harris County; Texas,48,201,542106
3729,Census Tract 5421.07; Harris County; Texas,48,201,542107
5064,Census Tract 5421.08; Harris County; Texas,48,201,542108
7237,Census Tract 5422.01; Harris County; Texas,48,201,542201
8625,Census Tract 5422.02; Harris County; Texas,48,201,542202
10790,Census Tract 5422.03; Harris County; Texas,48,201,542203
7531,Census Tract 5423.02; Harris County; Texas,48,201,542302
3236,Census Tract 5423.03; Harris County; Texas,48,201,542303
5827,Census Tract 5423.04; Harris County; Texas,48,201,542304
4602,Census Tract 5423.05; Harris County; Texas,48,201,542305
5078,Census Tract 5424.01; Harris County; Texas,48,201,542401
5940,Census Tract 5424.02; Harris County; Texas,48,201,542402
3863,Census Tract 5425; Harris County; Texas,48,201,542500
7370,Census Tract 5426; Harris County; Texas,48,201,542600
4108,Census Tract 5427; Harris County; Texas,48,201,542700
8449,Census Tract 5428; Harris County; Texas,48,201,542800
9577,Census Tract 5429.01; Harris County; Texas,48,201,542901
28999,Census Tract 5429.02; Harris County; Texas,48,201,542902
13165,Census Tract 5430.04; Harris County; Texas,48,201,543004
8212,Census Tract 5430.05; Harris County; Texas,48,201,543005
17397,Census Tract 5430.06; Harris County; Texas,48,201,543006
20431,Census Tract 5430.07; Harris County; Texas,48,201,543007
5429,Census Tract 5430.08; Harris County; Texas,48,201,543008
5104,Census Tract 5430.09; Harris County; Texas,48,201,543009
4930,Census Tract 5430.10; Harris County; Texas,48,201,543010
5559,Census Tract 5430.11; Harris County; Texas,48,201,543011
3236,Census Tract 5431; Harris County; Texas,48,201,543100
5728,Census Tract 5432.01; Harris County; Texas,48,201,543201
3624,Census Tract 5432.02; Harris County; Texas,48,201,543202
2962,Census Tract 5501.01; Harris County; Texas,48,201,550101
2513,Census Tract 5501.02; Harris County; Texas,48,201,550102
1715,Census Tract 5502.01; Harris County; Texas,48,201,550201
1998,Census Tract 5502.02; Harris County; Texas,48,201,550202
4069,Census Tract 5503.03; Harris County; Texas,48,201,550303
1909,Census Tract 5503.04; Harris County; Texas,48,201,550304
3372,Census Tract 5503.05; Harris County; Texas,48,201,550305
4352,Census Tract 5503.06; Harris County; Texas,48,201,550306
2947,Census Tract 5503.07; Harris County; Texas,48,201,550307
3316,Census Tract 5503.08; Harris County; Texas,48,201,550308
3835,Census Tract 5504.03; Harris County; Texas,48,201,550403
6646,Census Tract 5504.04; Harris County; Texas,48,201,550404
8482,Census Tract 5504.05; Harris County; Texas,48,201,550405
3879,Census Tract 5504.06; Harris County; Texas,48,201,550406
5129,Census Tract 5504.07; Harris County; Texas,48,201,550407
7011,Census Tract 5505; Harris County; Texas,48,201,550500
7513,Census Tract 5506.01; Harris County; Texas,48,201,550601
2711,Census Tract 5506.02; Harris County; Texas,48,201,550602
5475,Census Tract 5506.03; Harris County; Texas,48,201,550603
5048,Census Tract 5507; Harris County; Texas,48,201,550700
3679,Census Tract 5508; Harris County; Texas,48,201,550800
5986,Census Tract 5509.01; Harris County; Texas,48,201,550901
4104,Census Tract 5509.02; Harris County; Texas,48,201,550902
3652,Census Tract 5510; Harris County; Texas,48,201,551000
4202,Census Tract 5511.01; Harris County; Texas,48,201,551101
6574,Census Tract 5511.02; Harris County; Texas,48,201,551102
4990,Census Tract 5512.01; Harris County; Texas,48,201,551201
3697,Census Tract 5512.02; Harris County; Texas,48,201,551202
3945,Census Tract 5513; Harris County; Texas,48,201,551300
6138,Census Tract 5514; Harris County; Texas,48,201,551400
3296,Census Tract 5515.01; Harris County; Texas,48,201,551501
4937,Census Tract 5515.02; Harris County; Texas,48,201,551502
3246,Census Tract 5516.01; Harris County; Texas,48,201,551601
5455,Census Tract 5516.02; Harris County; Texas,48,201,551602
4360,Census Tract 5517.02; Harris County; Texas,48,201,551702
8558,Census Tract 5517.03; Harris County; Texas,48,201,551703
3746,Census Tract 5517.04; Harris County; Texas,48,201,551704
5635,Census Tract 5517.05; Harris County; Texas,48,201,551705
3769,Census Tract 5518; Harris County; Texas,48,201,551800
2521,Census Tract 5519.01; Harris County; Texas,48,201,551901
4731,Census Tract 5519.02; Harris County; Texas,48,201,551902
1338,Census Tract 5520.02; Harris County; Texas,48,201,552002
4679,Census Tract 5520.03; Harris County; Texas,48,201,552003
3441,Census Tract 5520.04; Harris County; Texas,48,201,552004
4457,Census Tract 5521.01; Harris County; Texas,48,201,552101
5676,Census Tract 5521.02; Harris County; Texas,48,201,552102
3617,Census Tract 5521.03; Harris County; Texas,48,201,552103
8189,Census Tract 5522; Harris County; Texas,48,201,552200
4402,Census Tract 5523.01; Harris County; Texas,48,201,552301
2549,Census Tract 5523.03; Harris County; Texas,48,201,552303
2029,Census Tract 5523.04; Harris County; Texas,48,201,552304
5560,Census Tract 5524.01; Harris County; Texas,48,201,552401
2765,Census Tract 5524.02; Harris County; Texas,48,201,552402
5407,Census Tract 5525.01; Harris County; Texas,48,201,552501
6528,Census Tract 5525.02; Harris County; Texas,48,201,552502
7162,Census Tract 5526.02; Harris County; Texas,48,201,552602
5096,Census Tract 5526.03; Harris County; Texas,48,201,552603
3571,Census Tract 5526.04; Harris County; Texas,48,201,552604
3226,Census Tract 5527.01; Harris County; Texas,48,201,552701
5367,Census Tract 5527.02; Harris County; Texas,48,201,552702
4975,Census Tract 5528.01; Harris County; Texas,48,201,552801
4215,Census Tract 5528.02; Harris County; Texas,48,201,552802
4678,Census Tract 5529.01; Harris County; Texas,48,201,552901
5613,Census Tract 5529.02; Harris County; Texas,48,201,552902
5771,Census Tract 5530.01; Harris County; Texas,48,201,553001
4712,Census Tract 5530.02; Harris County; Texas,48,201,553002
3560,Census Tract 5531.01; Harris County; Texas,48,201,553101
4669,Census Tract 5531.02; Harris County; Texas,48,201,553102
2700,Census Tract 5532.01; Harris County; Texas,48,201,553201
4174,Census Tract 5532.02; Harris County; Texas,48,201,553202
3857,Census Tract 5533; Harris County; Texas,48,201,553300
3971,Census Tract 5534.01; Harris County; Texas,48,201,553401
8636,Census Tract 5534.03; Harris County; Texas,48,201,553403
3671,Census Tract 5534.04; Harris County; Texas,48,201,553404
6641,Census Tract 5534.05; Harris County; Texas,48,201,553405
6892,Census Tract 5535; Harris County; Texas,48,201,553500
5080,Census Tract 5536.01; Harris County; Texas,48,201,553601
2332,Census Tract 5536.02; Harris County; Texas,48,201,553602
4415,Census Tract 5537; Harris County; Texas,48,201,553700
2523,Census Tract 5538.01; Harris County; Texas,48,201,553801
4515,Census Tract 5538.03; Harris County; Texas,48,201,553803
5732,Census Tract 5538.04; Harris County; Texas,48,201,553804
6332,Census Tract 5539.01; Harris County; Texas,48,201,553901
3445,Census Tract 5540.01; Harris County; Texas,48,201,554001
4159,Census Tract 5540.02; Harris County; Texas,48,201,554002
5329,Census Tract 5541.03; Harris County; Texas,48,201,554103
4189,Census Tract 5541.04; Harris County; Texas,48,201,554104
6812,Census Tract 5542.01; Harris County; Texas,48,201,554201
3543,Census Tract 5542.02; Harris County; Texas,48,201,554202
7742,Census Tract 5543.01; Harris County; Texas,48,201,554301
4286,Census Tract 5543.02; Harris County; Texas,48,201,554302
4658,Census Tract 5544.04; Harris County; Texas,48,201,554404
8856,Census Tract 5544.05; Harris County; Texas,48,201,554405
4780,Census Tract 5544.06; Harris County; Texas,48,201,554406
5934,Census Tract 5544.07; Harris County; Texas,48,201,554407
9967,Census Tract 5544.08; Harris County; Texas,48,201,554408
7167,Census Tract 5544.09; Harris County; Texas,48,201,554409
3597,Census Tract 5544.10; Harris County; Texas,48,201,554410
6010,Census Tract 5545.01; Harris County; Texas,48,201,554501
5865,Census Tract 5545.02; Harris County; Texas,48,201,554502
4639,Census Tract 5546; Harris County; Texas,48,201,554600
3181,Census Tract 5547.01; Harris County; Texas,48,201,554701
4808,Census Tract 5547.02; Harris County; Texas,48,201,554702
7044,Census Tract 5548.03; Harris County; Texas,48,201,554803
4391,Census Tract 5548.04; Harris County; Texas,48,201,554804
9361,Census Tract 5548.05; Harris County; Texas,48,201,554805
1846,Census Tract 5548.06; Harris County; Texas,48,201,554806
6667,Census Tract 5548.07; Harris County; Texas,48,201,554807
3166,Census Tract 5548.08; Harris County; Texas,48,201,554808
10245,Census Tract 5548.09; Harris County; Texas,48,201,554809
10906,Census Tract 5549.02; Harris County; Texas,48,201,554902
4008,Census Tract 5549.04; Harris County; Texas,48,201,554904
7231,Census Tract 5549.05; Harris County; Texas,48,201,554905
4242,Census Tract 5549.06; Harris County; Texas,48,201,554906
4245,Census Tract 5549.07; Harris County; Texas,48,201,554907
7642,Census Tract 5549.08; Harris County; Texas,48,201,554908
2288,Census Tract 5550.01; Harris County; Texas,48,201,555001
5351,Census Tract 5550.02; Harris County; Texas,48,201,555002
4490,Census Tract 5551.01; Harris County; Texas,48,201,555101
5696,Census Tract 5551.02; Harris County; Texas,48,201,555102
12448,Census Tract 5552; Harris County; Texas,48,201,555200
4586,Census Tract 5553.01; Harris County; Texas,48,201,555301
14028,Census Tract 5553.03; Harris County; Texas,48,201,555303
9655,Census Tract 5553.04; Harris County; Texas,48,201,555304
12079,Census Tract 5553.05; Harris County; Texas,48,201,555305
2619,Census Tract 5554.01; Harris County; Texas,48,201,555401
5192,Census Tract 5554.03; Harris County; Texas,48,201,555403
4163,Census Tract 5554.04; Harris County; Texas,48,201,555404
6109,Census Tract 5555.01; Harris County; Texas,48,201,555501
13599,Census Tract 5555.03; Harris County; Texas,48,201,555503
7233,Census Tract 5555.04; Harris County; Texas,48,201,555504
10277,Census Tract 5555.05; Harris County; Texas,48,201,555505
6911,Census Tract 5556; Harris County; Texas,48,201,555600
11826,Census Tract 5557.01; Harris County; Texas,48,201,555701
6646,Census Tract 5557.03; Harris County; Texas,48,201,555703
8099,Census Tract 5557.04; Harris County; Texas,48,201,555704
11421,Census Tract 5560; Harris County; Texas,48,201,556000
3821,Census Tract 5561; Harris County; Texas,48,201,556100
13,Census Tract 9800; Harris County; Texas,48,201,980000
0,Census Tract 9801; Harris County; Texas,48,201,980100
9090,Census Tract 9802; Harris County; Texas,48,201,980200
2892,Census Tract 9803; Harris County; Texas,48,201,980300
3997,Census Tract 9804; Harris County; Texas,48,201,980400
1604,Census Tract 9807; Harris County; Texas,48,201,980700
